filename,chroma_stft,rmse,spectral_centroid,spectral_bandwidth,rolloff,zero_crossing_rate,mfcc1,mfcc2,mfcc3,mfcc4,mfcc5,mfcc6,mfcc7,mfcc8,mfcc9,mfcc10,mfcc11,mfcc12,mfcc13,mfcc14,mfcc15,mfcc16,mfcc17,mfcc18,mfcc19,mfcc20,label
0v8MGxNetjg_,0.519950747,0.045852661,1612.895795,1411.838677,2907.580566,0.107019495,-376.8760071,111.0173721,-31.90401459,6.622254372,-0.816813052,-4.456445217,-0.198702455,-3.759592772,-5.181572914,-0.665209115,-0.656474531,-7.439711571,-1.034579515,-0.203084022,-3.513494968,-1.745704412,-3.011877537,-2.878482342,-2.106426716,-4.026825428,not_covid
1j1duoxdxBg_,0.535472155,0.001770617,2892.087076,2467.408141,5072.664388,0.148584436,-519.1584473,60.78128433,-13.72288418,52.1454277,0.051049691,-2.534909964,16.10362053,-1.494579911,4.123252392,11.03088379,-0.156306669,-0.909972489,7.216460705,-1.719629526,3.903020859,3.653039455,3.043881655,2.439957619,2.781968355,2.195161581,not_covid
1MSYO4wgiag_,0.496666044,0.033656985,3429.061935,2788.634413,6886.288452,0.22531467,-282.2979126,48.5816803,-15.52236748,12.71072292,4.199979782,-7.577727318,-19.32419205,-12.03764629,-16.90148354,13.69396496,0.82961458,-6.066336155,-4.167640209,1.017302394,-0.523806334,0.538692892,-8.855953217,-2.927976847,-1.118561864,-5.906226635,not_covid
1PajbAKd8Kg_,0.407548964,0.013452007,2710.811637,2664.28755,5778.474935,0.14207628,-346.8572998,75.76561737,-7.648193359,11.36212158,11.3654747,1.842425585,-7.957006454,-4.264208317,-8.283969879,3.105164051,-2.838680029,5.053117752,-0.291307509,0.987186015,-2.447526217,3.6923666,2.312327623,-2.059656143,-4.772598743,-0.503851414,not_covid
cov1,0.41269654,0.059003852,1555.648634,1418.599932,2870.737092,0.133998326,-340.5880127,104.1567001,-32.22844315,-13.61536217,-3.029664516,0.512090385,-21.81183815,-17.78181267,-9.270073891,-5.505614281,-5.385944366,-8.247168541,0.940005958,-5.701086998,-6.326630116,-1.080039978,-1.812609196,-2.51898551,-3.684266329,-3.564145565,covid
cov2,0.411223054,0.062716424,2583.166934,2139.571025,4960.213216,0.195427789,-341.6690063,48.31515884,-20.56740952,18.05030441,-16.14284897,26.60390854,-12.09328842,-15.43526649,-22.63595772,-10.5868082,-14.64215755,-13.20374107,-4.272643089,-12.16137028,-5.901212215,-9.495268822,-5.752599716,-12.55307865,-14.74346066,-5.856838703,covid
cough-shallow-3CwioNQVDBQ6CttLyFVRJpMpVHk2,0.434887528,0.007785665,2072.981248,2381.560624,4941.870117,0.086531929,-352.8711243,106.1250839,-5.234628201,17.11800003,-13.15810871,17.44229698,-21.3316021,-10.11855412,-7.896807671,-12.17444515,-7.906350136,-6.883116245,-13.23651028,-7.681480885,-8.179978371,1.332158446,-12.4844532,-6.152116299,-16.21385002,-6.940215588,covid
pos-0421-084-cough-m-50,0.420671344,0.03017102,1846.500366,1846.403105,3766.565959,0.109831633,-436.9234619,57.27851868,-3.100974083,9.521533966,-7.685150146,0.912914813,-10.63609791,-7.915723801,-12.53314686,-2.952210665,2.407271385,-6.689751625,-3.594997644,-6.064612389,0.219622329,-4.865091324,-6.623952866,-4.520339966,-5.508700848,-5.995492935,covid
cough-heavy-6T43bddKoKfG7MwnJWvrPZSsyrc2,0.47282505,0.070594445,3048.247566,1789.17763,4997.507931,0.323078486,-367.3935547,27.25025749,-84.5160675,39.2872467,-19.60972214,18.51053238,-3.435470343,7.919528008,-10.1303215,-7.816190243,2.063077927,-17.15857506,6.437907696,-12.56119633,-4.894080639,-4.535070419,-9.711328506,-7.495489597,-3.640197039,0.074317329,covid
cough-heavy-hNAGUEhL2Nh7V89at3yFEjQYo6c2,0.41269654,0.059003852,1555.648634,1418.599932,2870.737092,0.133998326,-340.5880127,104.1567001,-32.22844315,-13.61536217,-3.029664516,0.512090385,-21.81183815,-17.78181267,-9.270073891,-5.505614281,-5.385944366,-8.247168541,0.940005958,-5.701086998,-6.326630116,-1.080039978,-1.812609196,-2.51898551,-3.684266329,-3.564145565,covid
cough-heavy-hte8VptUoGVFEqvHpbh5brgfcNP2,0.309277296,0.026975576,1803.12302,1610.208629,3418.994141,0.121453179,-356.8205566,101.5689392,-28.54382133,-0.295161217,-14.51576519,6.351990223,-12.79772282,-4.686418533,-7.408648491,-10.77292061,-3.327215195,-4.710785389,10.76302052,0.748671234,-5.107099533,-3.581698656,-5.185194016,-4.730515003,-13.08050728,-6.199188232,covid
cough-shallow-QjBZv868nydJzk0ZzwgKDHSG6Q82,0.369727582,0.090256184,2073.045599,1921.397976,4125.10376,0.121889468,-303.7221069,66.26728821,-13.15583992,15.72239876,-23.56047249,18.570467,-14.98237705,-8.279063225,-20.25798416,-19.11388397,-24.96105957,-15.45806694,1.798758626,-11.55113602,-5.52994442,-7.417243004,-15.62563515,-8.805659294,-4.092432499,-11.24335384,covid
pos-0421-092-cough-m-53,0.334862024,0.02582543,2378.157877,1837.929976,4174.002075,0.195543077,-461.9284668,64.60335541,0.100224532,10.27095985,-8.108021736,7.461580753,-25.43368912,-9.207994461,-11.28066254,-8.241455078,1.316127181,-14.06941605,-5.957350731,-7.455938339,-1.690422297,-8.017926216,-4.834618092,0.496749848,-2.270895004,-2.657447815,covid
pos-0422-096-cough-m-31,0.362191647,0.077937983,2266.94546,1764.567442,4113.24056,0.175281666,-320.3189392,73.55955505,-29.05811691,26.31648254,-26.06049347,6.51392746,-23.56557465,-6.290836811,-10.19919491,-7.428458214,-6.312978745,-10.21731377,1.260500193,-11.59835434,-1.837203503,-9.892962456,-4.77588892,-3.061489344,3.398158789,-7.010863304,covid
pos-0421-094-cough-m-51,0.400665015,0.065813228,2385.203326,1833.001714,4335.949707,0.180729619,-292.0627136,69.57894897,-33.95558548,40.20353317,-23.11061859,0.08936917,-28.70979881,-5.161098003,-15.54339027,2.438821793,-6.795052052,-13.55015945,5.618543625,-14.89660454,3.15403533,-12.3149662,-9.061206818,-2.145398855,-3.889239311,-10.10547543,covid
cough-shallow-hNAGUEhL2Nh7V89at3yFEjQYo6c2,0.351491213,0.027681923,1715.378638,1905.517974,3689.530535,0.125993236,-463.2567749,47.23523712,-1.711265326,2.327963114,6.720355511,0.885247111,-5.081975937,-1.573733568,-1.582770824,-2.951839447,-1.081362963,-2.645979404,-3.131515503,-3.246185541,-3.801575899,-3.977428198,-2.445502758,-3.138111591,-4.214175701,-3.232359886,covid
pos-0421-086-cough-m-65,0.423390657,0.045958377,1953.875884,1841.229434,4010.060628,0.118139196,-400.5546875,82.68526459,-15.98118782,17.27403259,-26.55391693,1.399505615,-22.01638031,-1.597814441,-13.18799686,-9.483166695,1.163946271,-4.737539291,1.405924439,-10.23389816,-2.003166199,-9.886787415,-3.189831257,-5.250478268,-4.051860332,-2.482948542,covid
pos-0421-087-cough-f-40,0.459671825,0.027777113,1909.696753,1886.206615,3996.402995,0.113618074,-450.2633057,61.5644989,-5.516103268,16.89570618,-9.314869881,0.212026879,-10.68412399,-7.696957588,-3.935188293,-1.963632107,-4.859331131,-9.54076004,-3.965773344,-7.999577045,-4.897375107,-7.969946384,-8.215626717,-4.836800575,-1.229676962,-5.726961613,covid
cough-heavy-3CwioNQVDBQ6CttLyFVRJpMpVHk2,0.617521763,0.0047672,2434.453569,2470.180196,5392.272949,0.137084961,-361.2188721,96.15544891,-13.51267338,11.62254238,-14.03256226,21.03529549,-19.33926392,-7.518304825,-3.589022875,-8.409999847,-5.117887974,-6.764609814,-14.46319294,-2.047960043,-8.324816704,1.760439515,-10.19937515,2.041678667,-11.89374256,-4.198473454,covid
cough-shallow-6T43bddKoKfG7MwnJWvrPZSsyrc2,0.463166445,0.023960546,2756.662871,1939.62196,4879.091724,0.312410117,-455.4429932,38.41777039,-61.26556778,31.33931923,-10.2373209,22.30879021,2.782356024,4.255664825,-7.925517559,-4.528625011,0.426092088,-13.79768276,2.936985493,-13.48420525,-6.86362505,-7.767501831,-10.15608311,-6.123400211,-1.63057816,-1.275078654,covid
cough-heavy-QjBZv868nydJzk0ZzwgKDHSG6Q82,0.411223054,0.062716424,2583.166934,2139.571025,4960.213216,0.195427789,-341.6690063,48.31515884,-20.56740952,18.05030441,-16.14284897,26.60390854,-12.09328842,-15.43526649,-22.63595772,-10.5868082,-14.64215755,-13.20374107,-4.272643089,-12.16137028,-5.901212215,-9.495268822,-5.752599716,-12.55307865,-14.74346066,-5.856838703,covid
cough-shallow-hte8VptUoGVFEqvHpbh5brgfcNP2,0.363964438,0.065670423,1912.841678,1714.528655,3665.354919,0.125320435,-290.7295837,99.88436127,-21.74925232,10.12537956,-10.96287823,18.95010185,-17.0470295,-6.993889332,-12.32404709,-5.461853027,0.296642631,-10.39994049,2.882431746,-4.604339123,-1.949505329,-0.533755779,-8.028723717,-4.032121658,-8.291358948,-1.925892472,covid
pos-0421-093-cough-f-24,0.409738839,0.028128421,2175.508176,1985.340537,4341.133626,0.141063549,-440.5820313,40.79979706,-6.74805069,19.95235252,-22.17736816,-3.095907927,-9.884745598,-5.134473324,-8.026629448,-7.554244518,-6.416486263,-5.00158453,1.367462754,-5.801293373,-1.168254256,-7.31183672,-4.430622101,-4.765462399,-6.004795074,-3.816396713,covid
#NAME?,0.512198865,0.032608017,3509.489791,2784.724601,6721.549479,0.248092086,-380.5923767,43.96115112,-21.00277138,-13.53126812,-14.66915798,-6.307584286,-9.054981232,-25.73493385,-7.942780495,-10.28315449,-14.05412102,-9.932127953,-10.17910671,-6.426995754,-7.963433266,1.759291053,-4.024677277,-0.621166229,0.452050269,2.733161688,not_covid
#NAME?,0.34829697,0.039313007,1526.359728,1282.259523,2386.895752,0.095377604,-304.4047241,133.2972565,-70.99810791,-9.579423904,-17.73236084,-5.905378342,-35.41452789,-8.076849937,-17.41110611,-12.78217411,3.246626377,-14.75041676,3.458026409,4.25097084,-3.975894451,-1.914072394,0.8928141,-13.62359047,-0.127162188,0.44558385,not_covid
#NAME?,0.458157897,0.124863856,2760.735927,2606.791027,5586.47054,0.118552879,-193.1815491,54.29738235,-7.362637997,13.54184818,8.729895592,6.05327177,-3.725232124,4.111278057,-5.673363209,6.118658066,2.563512087,2.342387915,1.367313385,7.12776804,0.088585906,5.122900009,1.993227243,2.34092927,-2.875513792,2.829341173,not_covid
#NAME?,0.475579143,0.002552317,3668.663865,3029.887167,7403.035482,0.327071578,-457.4445496,53.76470184,2.954139471,13.522789,1.005380869,16.29602242,-8.133190155,3.595787287,-4.910078049,6.905350208,-5.800283909,3.4742589,-7.976379871,1.67626524,-9.405162811,4.994161129,-4.478343964,-5.791959286,1.031919122,-3.146394014,not_covid
#NAME?,0.429178685,0.10044121,2054.374385,2254.695326,4537.075806,0.109607838,-185.7207947,117.2925491,-5.195735455,-0.648980618,-19.37630653,10.55703354,-17.69851303,9.12989521,-12.73590279,14.2446022,-12.84227467,1.604460239,0.159565389,8.234791756,-2.389765739,-1.09694314,10.45713615,2.623342991,4.826277733,1.299756527,not_covid
#NAME?,0.274164855,0.166365236,1956.219585,1874.866297,3531.445313,0.104763455,-202.1298523,81.03450775,-57.60246658,-26.70276833,-29.78616524,-12.45351028,-32.74725342,-11.21117687,6.49536705,-10.49577236,-18.5598526,1.788005352,-6.163512707,-2.097646475,-10.94404984,-7.055096626,-9.659547806,-3.695300579,6.132784367,14.15843582,not_covid
#NAME?,0.525689065,0.007716475,3233.052293,2889.719966,6784.254964,0.193895128,-419.2050781,66.34024811,-4.05352211,-9.764458656,-12.32353973,-1.048404336,-11.01981449,-24.39359093,-11.22245026,7.938504696,-21.89598083,1.973421216,5.822959423,-14.370368,-2.093635798,-4.683833599,-2.50903821,-6.831876278,-6.762606144,1.770267487,not_covid
#NAME?,0.464027971,0.04348895,2454.187267,1973.008894,4241.293335,0.163915564,-234.90448,79.55067444,-53.64713669,22.16709137,10.99892712,5.229691029,-25.47039795,13.11908627,-16.96360207,22.3936882,6.221456051,3.16972518,4.551382065,11.31572151,-5.284244061,-0.206850752,-3.723550797,5.984891415,-2.299465418,-0.146718413,not_covid
#NAME?,0.488903433,0.003103614,2446.901246,2840.787283,5940.721639,0.066064905,-496.1286926,81.61753082,17.58350945,15.76742935,-8.162027359,13.40291309,-11.68777466,0.882455349,5.831654072,10.64382362,5.419490814,1.959716201,-7.78670454,3.752501011,0.064954266,-3.609205723,-0.869561136,3.555005074,-2.374847889,-6.280956745,not_covid
#NAME?,0.308861583,0.142870933,2194.446152,2214.090026,4194.139608,0.11831326,-228.1712646,76.31012726,7.804169178,32.22862244,-6.938715458,-8.786757469,-14.37849522,-8.048553467,-4.443941593,0.219740406,-10.64119911,-3.940830946,-8.908614159,-6.247620583,-14.33883095,-3.959901571,-7.25457716,-3.451487303,-1.238988638,-2.266530275,not_covid
#NAME?,0.411364883,0.079978637,2136.841087,2373.170802,4689.004517,0.090790925,-250.9415131,97.70386505,-0.071324669,21.09972763,-3.816889763,5.16159296,-1.990683913,-0.086048268,0.376854211,2.622756481,-3.272058249,10.31726933,1.62842989,8.851665497,2.193189859,-4.49955225,-2.614348173,-4.577003479,-7.538967609,0.176355287,not_covid
#NAME?,0.434177548,0.014230295,2358.208517,2759.825235,5648.228963,0.088315611,-356.162262,95.73053741,15.42177677,13.00573635,7.789378643,2.054711819,-6.4310112,7.327680588,-2.350341558,4.957019806,-10.23612785,0.578187823,-5.193078518,0.930666387,-4.965286732,0.422140628,-5.249933243,-1.574184895,-0.652959764,1.319120646,not_covid
_-_5kbw2Mcw_,0.428970486,0.187262475,1524.040531,989.8332164,2479.907227,0.122563115,-156.6860504,156.3040314,-89.40658569,-7.806011677,13.55233002,-32.60574722,-24.87144661,-6.939074516,-24.24305153,-4.7115345,-1.1698668,-13.0523243,3.85118556,-6.640303612,-14.33138275,2.122617722,-5.000946522,-14.08956528,-0.362563103,-0.691725969,not_covid
_0WKVY0n8aE_,0.442778468,0.056437451,4758.135833,2732.200131,7728.525798,0.342737269,-171.5759583,3.534905434,6.641980171,12.74065781,-5.926914692,1.558845282,-22.32530022,8.836058617,-10.69481564,-3.053358793,-10.05277824,-0.612846017,-4.636991501,-7.177852631,-0.415460408,2.613241434,-4.852502346,0.048553325,-4.772405624,-4.603799343,not_covid
_9YKlnmoDjs_,0.547267139,0.032380503,2612.256186,2760.51917,5789.640299,0.110175239,-354.5122986,64.30206299,3.013713598,10.37914658,0.075824879,4.487957954,1.14199698,5.855417252,-5.41896677,0.760028958,2.93363452,0.8774544,-1.544650316,-0.679430366,-0.763572276,1.645066977,-1.781283855,0.559741974,-1.050913692,-0.355683863,not_covid
_AjXY9cHCxA_,0.571199894,0.022513296,1232.49859,1179.593918,2502.18811,0.077067057,-387.5211182,93.14995575,-1.404616237,15.40966129,16.68875313,-13.41231251,-5.839638233,4.117827415,-1.007465482,1.126204848,0.040377583,1.386620998,5.610618114,-1.610420465,-3.236291409,4.165085793,3.088992119,3.301065207,6.552882671,2.185101032,not_covid
_D3sxdtbFas_,0.469756812,0.039109398,3281.025756,2693.061051,6281.913249,0.192344383,-325.8786926,48.86345673,-25.69501495,2.885147333,-16.94680405,-12.03721523,-15.28961372,-19.87655067,-6.021713734,-8.174819946,-12.13391113,-2.784968615,-4.582729816,-5.241445065,-8.406720161,-2.569589138,-5.049071312,-6.776691437,-7.10817337,-4.704679012,not_covid
_dfcXBTcmqU_,0.670417905,0.020245846,1389.674637,1237.041005,2947.00826,0.082051595,-340.3615723,149.0190125,-51.05485535,32.67561722,24.89003181,-18.58034706,24.42075348,6.326106548,-5.671356201,18.44390678,-3.880997896,-3.694062948,8.23562336,-8.894458771,-1.404212356,3.843927145,-6.937236786,1.522522688,1.244828105,-3.324413061,not_covid
_e4GZ6p6nCY_,0.320342183,0.147329643,2142.750787,1969.371745,4559.406535,0.113880299,-114.3811874,109.4351425,-42.72578049,36.14263153,-32.86989212,27.51580048,-23.31252289,11.50167084,-18.30365181,1.524811625,-3.077856779,-8.067890167,-2.686893225,-11.05760098,6.5159688,-4.268425941,11.69841671,1.426181316,7.157042503,-1.782540679,not_covid
_FVreKE6Fj8_,0.435732663,0.028426996,3328.721079,2605.825378,6177.487183,0.220264576,-350.8288269,43.19164658,-18.35630608,2.195845366,-14.48153877,-6.630214214,-20.65989876,0.512254417,-12.37197018,-3.851227999,5.10666132,-1.035142303,-8.167938232,-5.570047379,-2.395246744,-0.932404101,-3.191743374,-3.972606897,-1.647129059,-2.245070934,not_covid
_HLvqHDclW8_,0.641448736,0.017533304,3692.741736,3065.321997,7651.464844,0.174442998,-515.5197144,7.931118488,-7.65088129,0.891404986,-1.774749279,-3.747825861,-6.709076405,-7.538886547,-7.257492065,-1.834218383,0.12672551,1.530359864,-2.931905031,0.097681329,-1.089970112,-0.491707832,0.504097998,2.116751432,0.376427442,0.686588943,not_covid
_hptdlGvSV4_,0.540727317,0.005539697,2654.259085,2633.737563,5627.094523,0.142763491,-515.0594482,74.74021912,0.495091885,37.1748848,18.15175056,11.28610802,-10.94757938,-6.702816486,2.929528952,-2.741777182,-4.980043888,1.455690742,0.38060087,5.354941845,3.761846542,-4.235328197,-4.701537609,1.610036254,-1.580127597,0.611709714,not_covid
_o5xtnLwtRc_,0.363649458,0.038308717,2468.037657,2333.799793,4950.094604,0.124923141,-286.6290283,75.9391098,-23.31753159,6.229537487,-27.61882401,-11.22818375,-33.4435463,-9.168497086,-11.41187763,-1.385325909,-14.36598301,-10.70116711,-15.29849243,-5.949688911,-16.53561592,-12.95928478,-9.248907089,-9.868317604,-4.971841335,3.195715904,not_covid
_qDSR5skY0c_,0.408119619,0.085317746,2293.475325,2375.801055,4855.438232,0.118062337,-207.1575317,94.86842346,-18.58927727,5.591259956,-8.7519207,-1.699963331,-19.9222908,-12.62507534,-14.44756889,-5.617581844,-12.75155258,2.215836048,-2.365661383,0.424628198,-4.278124809,-6.2246418,-7.433105469,0.082553901,-5.072487831,-5.269316673,not_covid
_YqaeNeVQbw_,0.48936218,0.020425387,2563.196838,2679.712956,5491.016642,0.122712312,-289.0490723,70.30587006,-4.60723114,33.21620178,27.45362091,14.51577377,6.928514957,14.42473888,11.35213566,3.313901663,-6.430522919,3.695421934,2.843844414,0.91589272,-4.785377979,-0.219918445,0.711615682,-0.948824406,-4.877028465,-1.386635303,not_covid
_zrAnhgYzSo_,0.428799987,0.029970789,2720.176377,2465.556088,5318.900553,0.166207773,-315.4739075,74.88441467,-32.14883041,-14.00365162,-11.39525032,-7.054568291,-9.407899857,0.738827169,-21.79786491,-12.03156948,-12.61190987,-10.06707859,-5.068984985,-7.069020748,-6.019253254,-4.059853554,-7.847695827,-5.979876518,-8.779450417,-5.350870609,not_covid
0AWF9zOT8YY_,0.585678637,0.014779585,1389.610402,1455.153793,2822.743734,0.069252297,-489.4329834,76.97901917,-12.5499649,10.3873539,10.51049995,-2.8928895,10.99902248,4.107201576,0.640087008,9.533811569,3.679927588,3.447635174,6.020227432,1.167774677,2.007513285,0.537650824,-2.047217846,2.410251141,3.250026464,2.347101212,not_covid
0Dh4NhF27jc_,0.501026928,0.023375688,2396.873163,1850.764752,4350.006104,0.169759115,-369.537384,70.14351654,-48.43893433,-1.297024727,-5.667545319,6.251541615,-15.33799648,-1.520153165,-7.616317272,-2.898861885,-2.79174757,-2.33833909,-2.495057106,-5.789984226,-2.141559124,-2.824617624,0.445655942,-3.283265829,-1.326989293,-1.185016513,not_covid
0EaxcUhZWe8_,0.385113895,0.17200163,1896.584377,1807.455245,3812.523397,0.090182834,-192.5391998,49.99107361,-5.383420467,28.14347267,-0.882336795,7.914915085,-1.641123891,7.568223953,-4.247723103,7.371740341,-1.958190322,6.350680351,-3.229524851,2.370096684,-6.501297474,3.716840506,-5.231426239,0.250357807,-3.785789728,-0.079142347,not_covid
0iiwZ2_9Vi8_,0.277898401,0.097005367,2546.365388,2722.760741,5742.985026,0.041142216,-162.7445374,67.27061462,-8.856553078,25.80714607,23.65721321,3.856942177,-7.375174999,24.73280144,-1.500420213,-8.230867386,-2.412677288,-6.254648685,-5.48629427,5.000110626,-16.66230011,-11.49490738,-3.343723536,-3.457816839,-7.746649742,-10.11088943,not_covid
0MwZQ1-WZyM_,0.317862153,0.04842104,1689.943148,1302.26929,3204.110718,0.102416992,-289.2325439,152.8586578,-84.1761322,43.61156845,-36.92160797,-6.602900982,22.16907883,-23.38989258,9.449364662,-9.032697678,-1.611151695,7.904473305,-6.252168655,7.336905956,3.442315578,3.794109106,-1.521763921,-2.087228298,1.620868564,-4.648045063,not_covid
0mZQ6Q-viPw_,0.552495778,0.023503926,5268.005149,2804.769703,8231.216431,0.437886556,-323.0289307,7.438105106,30.04555893,3.230836868,-14.65365124,16.30102348,-4.530688763,16.11907768,-14.21895504,8.926140785,-2.221210003,2.034223557,2.495681286,6.256581783,-6.824845314,8.798110008,-3.758737087,0.558188617,-4.122995377,2.217642546,not_covid
0oUkEze_kmo_,0.449964076,0.015563735,1920.316681,2045.22956,3931.404622,0.099236382,-380.8705139,112.4685974,-19.43079376,1.135084987,-0.923161924,1.677946329,-4.276975632,-1.321050048,-0.991483927,-4.103591919,-4.771017551,-4.76339674,-5.190232277,-2.569296837,-2.076707125,0.813901365,-0.388820291,0.572594583,-2.121651649,0.483421385,not_covid
0qCvekeAHkc_,0.264923096,0.006055393,1337.378712,2054.728419,2823.192342,0.033230252,-438.9078674,134.86586,12.16794872,24.17474174,4.366745472,18.71654129,1.269407749,4.35710144,-1.480031133,6.846522808,-3.706583023,1.874265075,-5.349734783,-2.539191961,-6.162723064,-3.739096165,-6.869716167,-4.498134136,-8.347489357,-5.560195446,not_covid
0qktEoIX2Sk_,0.337311864,0.030012555,2708.071999,2574.091281,5812.718709,0.135846173,-340.7649231,66.57048798,-9.232457161,-7.363852024,-18.43651009,2.795255899,-24.90070724,-14.6507082,-11.4421978,5.523251057,-14.7621212,-8.48720932,-8.99861908,-11.75252724,-7.19340229,-12.67722321,-12.65478039,-9.691325188,-10.47080803,-5.526122093,not_covid
0QOYirw4e3I_,0.383086443,0.137975827,2058.952604,2213.08765,4099.782308,0.087897407,-76.38678741,107.7012329,-20.69819832,11.02752018,-9.606513023,-7.73734951,-13.78906631,-8.079319954,-8.583483696,0.826712728,-5.69527626,1.961329937,-0.065236129,4.14515686,-1.182141662,-1.37025702,-3.922639132,-2.631814957,-6.537642956,-1.626060367,not_covid
0sDlmseq2Kg_,0.67605108,0.003779522,2781.874568,2304.328344,5648.926799,0.213980216,-462.8644409,82.44615936,-38.42941284,28.84135818,-15.53451157,5.321291447,-17.9925518,4.04835844,-21.43465996,13.29564953,-23.17910957,14.21217823,-13.55390739,0.541134179,-0.378062069,-6.324306011,3.787425756,-5.996387005,3.337590456,-6.491156101,not_covid
0v8MGxNetjg_,0.519950747,0.045852661,1612.895795,1411.838677,2907.580566,0.107019495,-376.8760071,111.0173721,-31.90401459,6.622254372,-0.816813052,-4.456445217,-0.198702455,-3.759592772,-5.181572914,-0.665209115,-0.656474531,-7.439711571,-1.034579515,-0.203084022,-3.513494968,-1.745704412,-3.011877537,-2.878482342,-2.106426716,-4.026825428,not_covid
0VaWzVLOWvE_,0.472294271,0.118060872,2171.1715,2021.022685,4153.715007,0.128361455,-110.8650284,100.7846756,-45.94962692,12.46249485,-24.01032257,2.348846197,-16.89668083,1.187043309,-20.60754395,3.971255064,-8.801289558,1.831213593,-13.46966934,-6.741582394,-9.416103363,-2.790818214,-13.18369007,-2.390481472,-9.85247612,-6.271436691,not_covid
0WPDmbAui6k_,0.458894432,0.040609844,3326.55331,2360.503837,5806.188965,0.240028664,-252.3434753,51.85655212,-34.4942627,1.131286502,-17.79559708,-3.98034215,-10.29195118,-1.72403729,-10.1032486,-3.902209997,-9.404522896,-1.746821404,0.014637559,3.48870182,0.554320514,-1.522503376,-3.625226259,-2.408798218,-4.906168461,0.786647022,not_covid
1_oZWCKCGqA_,0.465113461,0.06575679,2334.83486,2422.755362,4712.182617,0.119698984,-198.5722656,98.35516357,-22.5760498,5.594241142,-3.101899385,-8.382719994,-8.45570755,-2.348506451,-15.19810295,-2.119310141,-1.830533743,-1.593211055,-9.414607048,0.273122817,-6.076905251,2.347039938,-5.602640152,-3.390295267,-3.059633017,-2.063678741,not_covid
1a1Dx52izTo_,0.409458309,0.039402969,2449.933602,2419.22036,4960.312907,0.119868526,-304.949585,79.19062042,-30.30089951,10.32059479,11.48338223,8.871163368,-9.35044384,6.115303993,13.53905773,2.197509289,6.177862644,2.379321337,-0.449982822,5.931216717,0.999423504,-0.42337209,-0.631270647,1.319727302,-3.141826868,5.869328022,not_covid
1e3_ucOz0Ik_,0.429275692,0.014173257,4622.81712,3265.835673,8701.806641,0.386169434,-309.2772827,50.47202301,23.25248146,-24.29850197,-27.88604736,7.065902233,-12.77163219,-40.84667587,12.21042252,-3.754113674,-35.06098938,-11.61613846,10.29666042,-25.08289909,-16.06672096,-3.09291029,-1.337927818,-15.34772778,-10.16369152,24.19919395,not_covid
1F234DLNRYc_,0.508368433,0.017810635,2720.946381,3004.710296,6610.693359,0.107430917,-417.7718506,80.78855896,10.30056953,-9.423872948,-2.87054491,3.281697035,3.112035751,5.537049294,-4.659549713,-2.913647652,-3.465887308,2.356719017,2.661628485,-0.321695775,-6.339496613,3.445936918,6.928516388,2.568407059,1.020347476,3.332111597,not_covid
1j1duoxdxBg_,0.535472155,0.001770617,2892.087076,2467.408141,5072.664388,0.148584436,-519.1584473,60.78128433,-13.72288418,52.1454277,0.051049691,-2.534909964,16.10362053,-1.494579911,4.123252392,11.03088379,-0.156306669,-0.909972489,7.216460705,-1.719629526,3.903020859,3.653039455,3.043881655,2.439957619,2.781968355,2.195161581,not_covid
1MSYO4wgiag_,0.496666044,0.033656985,3429.061935,2788.634413,6886.288452,0.22531467,-282.2979126,48.5816803,-15.52236748,12.71072292,4.199979782,-7.577727318,-19.32419205,-12.03764629,-16.90148354,13.69396496,0.82961458,-6.066336155,-4.167640209,1.017302394,-0.523806334,0.538692892,-8.855953217,-2.927976847,-1.118561864,-5.906226635,not_covid
1PajbAKd8Kg_,0.407548964,0.013452007,2710.811637,2664.28755,5778.474935,0.14207628,-346.8572998,75.76561737,-7.648193359,11.36212158,11.3654747,1.842425585,-7.957006454,-4.264208317,-8.283969879,3.105164051,-2.838680029,5.053117752,-0.291307509,0.987186015,-2.447526217,3.6923666,2.312327623,-2.059656143,-4.772598743,-0.503851414,not_covid
1UDFq2InljM_,0.458105773,0.026398502,2604.02147,2404.247428,5276.23291,0.160328053,-368.764801,68.98126984,-3.008704901,4.778194427,-22.75530052,-6.267437935,-5.004198074,-2.985133171,-22.23958015,-10.31808853,-1.907035828,-3.051646948,2.440624952,-3.809846163,-4.769628525,1.405553341,-7.515258789,-5.726153851,-1.328406215,-7.614868641,not_covid
1Xmw9VUzvLY_,0.384746432,0.049204037,2091.414284,1901.238089,4090.710449,0.125370732,-333.0496216,77.42475128,-29.19189262,-11.91964149,-40.09062576,-14.11332035,-24.7732048,-3.514721632,-12.15155029,-8.261117935,-11.18968678,-15.34866905,-11.82449436,-16.67996025,-6.108539581,-6.906524658,0.887828529,-1.744998217,-0.273850054,0.437553465,not_covid
2B_QV_5R4Zo_,0.436047018,0.011751239,2534.729489,2744.683779,5691.843669,0.105981897,-369.5169373,88.61798859,5.340973854,7.093492508,1.300597548,3.945220947,-9.623874664,-4.567378521,-1.305610418,-5.881205082,-10.47090816,-7.262912273,-10.10720062,-8.427964211,-11.13988113,-7.1943326,-9.276198387,-4.711846828,-9.524534225,-4.163607121,not_covid
2Bx5e9vwLGk_,0.351981103,0.102619037,2744.190304,2320.338361,5163.33313,0.158596463,-183.9152069,58.54668808,-38.57053375,11.47236824,-24.98923111,-18.94027138,-26.79424858,-18.41794205,-12.30601311,-10.62764454,-13.01880074,-3.469249964,-13.39789486,-5.729098797,-10.7885561,-5.523949623,-6.931828022,-3.279371977,-1.971966743,0.38205421,not_covid
2EFjQPMmAS8_,0.298947215,0.020401955,1854.845655,2354.684236,4243.885295,0.068187572,-468.1212769,97.57888794,26.81696892,16.92135811,-0.929527581,10.96448326,0.100294605,1.175113201,4.661348343,-4.761203289,-6.170352459,0.427685767,2.414690971,5.755687714,5.678026199,2.372490883,3.501154184,0.450039685,-2.435027838,-4.157848358,not_covid
2Ev7_PQ7IIs_,0.380537271,0.090963952,2420.90436,1998.083848,4474.968465,0.153340658,-177.3961182,77.23569489,-63.81254959,2.799633265,-31.18607903,5.636470318,-16.17934227,-4.239264488,-8.814671516,4.578786373,-11.6366806,-4.122484207,-10.54267979,6.545997143,-13.08981895,-0.007408001,-6.987935543,5.513156414,-6.092787743,5.141444683,not_covid
2Ez4R0a1icc_,0.388324112,0.083668172,2752.002994,2596.182279,5654.908244,0.145026313,-191.0632935,71.33433533,-24.32737732,-2.218051434,-11.39772129,-3.646569252,-19.00891495,-12.99452496,-7.371254444,0.039619304,-9.30077076,-4.257190704,-4.906551361,-2.11678791,-8.234822273,-2.340340376,-2.109988213,1.223999858,-3.192225218,-1.655261517,not_covid
2hbytlgqDx4_,0.333474934,0.055294242,2171.736242,1726.23263,4083.981323,0.150137442,-246.5078888,113.1378021,-46.95314407,68.41098022,-36.68562317,6.769947052,-13.57540131,-26.43030548,-8.54342556,-5.556319714,-11.52528667,-5.994250298,-12.83237267,-7.140301704,-6.840054512,-6.298939228,1.500510573,-3.347479343,-2.376140118,-7.919164658,not_covid
2Hp1AvKRiOA_,0.334264725,0.081515543,2788.991053,2353.361394,5333.60494,0.158576118,-167.233429,59.13025284,-46.82190323,-4.990573406,-41.70165253,-28.67772484,-22.5058918,-21.26395607,-20.44159126,1.854686737,-24.18547821,-6.495607853,-19.46769142,-2.564221382,-5.902362823,-4.57754612,3.346750259,4.974079609,-7.847775459,-3.163329124,not_covid
2I2IzXnhmtc_,0.476017326,0.152016506,1177.035764,1083.093391,2302.557373,0.075242784,-228.3326874,143.1544037,-33.90333557,11.21562576,11.45439816,-17.60911751,-4.517678738,-21.69308281,-29.80322647,2.511938095,-4.031353474,-12.73168564,-1.627902865,-0.605456173,-1.089821458,-1.538770199,-6.661596298,-3.63573885,-4.4047966,-6.721261978,not_covid
2R3J8pH6E6s_,0.544182122,0.011033432,2996.473857,2686.654498,6132.22758,0.181183992,-341.8329468,72.79235077,-13.491642,7.834192276,-12.21191216,-0.330001563,-8.004289627,2.735263109,-3.524875879,0.132151499,-0.072521776,1.407965183,-1.071395636,2.407044649,-1.2685709,-1.062094808,-5.098110676,-1.197865248,-5.278611183,1.58043313,not_covid
2sMLoW22TeU_,0.45423159,0.032849219,3088.643371,3098.962637,7191.392008,0.155036079,-286.7086487,78.45446014,28.38913727,-14.23221493,-9.564833641,7.985934258,7.276418209,-8.109891891,4.872405052,19.30655861,-13.18067837,-1.244000912,9.11414814,-3.003057957,0.786673784,3.523789883,-0.716093898,-1.069061756,-8.966779709,7.943923473,not_covid
2TBWSnIjJMk_,0.309768349,0.093238562,1422.994515,987.5257092,2667.076619,0.102421513,-230.4271851,175.0752716,-84.29141235,6.867534637,5.494448185,-31.49656868,26.32672501,-1.503863811,-21.33195877,12.67079639,-2.261836529,-3.269381762,4.506042957,-9.87228775,-2.926236868,-7.41067791,-11.51899529,9.016414642,7.096124172,2.712796211,not_covid
2xURixj6I5k_,0.38273403,0.052023906,2222.752909,1599.120147,4181.877645,0.16180646,-242.8900452,132.543457,-78.34437561,76.72900391,-26.21814919,11.3794899,19.43580437,-15.00037956,24.29619408,-23.27606583,2.895857096,-1.663711309,-17.55213737,11.55487728,-14.09421158,6.552103043,1.407014608,-9.238698959,7.189684868,-10.27178192,not_covid
2YF-ValJNas_,0.357904643,0.162100062,1587.340765,1106.079439,2676.450483,0.114097446,-167.9494629,123.3416443,-81.64656067,2.0198946,-4.585771561,-7.269656181,-1.308622956,-17.06769562,0.443110377,0.453541785,1.755675912,-0.50413084,-0.270405203,5.937473774,-3.1749053,4.375675678,3.807680845,0.900265217,4.868663311,2.229328632,not_covid
2ZfwEg4JaiU_,0.155701518,0.21987173,1118.356838,1344.59598,1393.078613,0.06221743,-316.8756409,95.60387421,-6.333886623,-25.68007088,-21.89689445,-8.405533791,-10.60715389,-10.9567461,-7.548165798,1.064972997,6.480564594,4.400094509,-1.436852098,-5.674115658,-10.41137791,-9.427606583,-6.905498028,-3.223991632,2.341641188,6.099575043,not_covid
3aFProJmJzY_,0.537926972,0.054312307,1891.080903,2203.368381,4007.468669,0.078762478,-301.3066711,73.59662628,15.62544155,30.28936958,13.25099277,20.32357597,11.73121357,8.556276321,1.319580317,9.270705223,12.98822212,8.372962952,3.356753111,7.979556561,2.878269672,8.194262505,7.879878998,5.221668243,2.895482302,-0.212307647,not_covid
3bas_0f3RG0_,0.408097923,0.068757601,3039.896816,2367.403309,5634.770711,0.202616374,-191.739151,54.79939651,-25.77121353,18.54555702,-19.19969749,-0.437742174,-31.51124763,-10.51279449,-12.71889687,7.62823391,-4.145029545,3.561951637,-0.933297038,1.340952396,-0.549170792,-0.208890915,-9.421072006,-0.713169634,-3.152461529,-2.749023438,not_covid
3dndmOMZlP8_,0.431396246,0.143380716,2639.163733,2519.612309,5278.426107,0.152391222,-205.5940094,76.69176483,-20.4011097,-18.97351265,-15.71786308,-5.259642601,-7.706417561,-5.970680714,-12.39385509,-7.964696407,-11.08083439,-3.735240221,-4.748342991,-1.162203312,-6.667285919,-3.025479555,-3.795608044,-2.236378908,-2.109183073,-1.135150552,not_covid
3Enq7k2IpvQ_,0.345158905,0.164910868,2865.352304,2119.292608,5144.192505,0.182981138,-158.5086517,54.38772202,-50.93478012,17.93894386,-50.78964233,5.919457912,-21.204319,-14.26296616,5.318193913,-4.316987991,-1.307832599,-14.03522968,-9.973885536,-4.635051727,-5.265377522,-1.556151867,-4.186388016,-3.194326401,-7.382829666,-1.513735175,not_covid
3fz-0wek44c_,0.339895755,0.019444717,2404.062382,2386.043121,4887.040202,0.112108019,-357.166748,85.33985901,-22.70464325,11.12597275,-9.095215797,-23.31887436,-17.93383026,-6.795180321,-20.62015533,-4.216137409,-15.63241005,-7.203114986,-12.20452023,-4.397875309,-10.09763622,-6.199327946,-9.835264206,-5.642131329,-9.733595848,-5.82110548,not_covid
3gFShyvw8iU_,0.430799872,0.065346986,4189.762859,2911.880825,7672.499593,0.295439544,-205.7429504,24.32331467,-8.408670425,4.267630577,-5.233531952,-3.734631062,-30.30017471,-17.87573433,-13.60527229,9.297287941,-12.99092007,-10.16850567,-3.683358669,1.64779222,-7.537840843,-5.496338367,-8.141979218,-1.228710055,-5.237481117,-5.102508068,not_covid
3id3zRRZBVM_,0.454477191,0.060697205,2714.327936,2528.846288,5424.871826,0.158510561,-343.6828918,52.5186615,-10.95108414,-1.985812664,-6.044702053,-7.148025513,-2.793778658,-16.97260857,-13.2189064,-4.94248724,-12.11900043,-5.982786179,-10.54251671,-2.068374157,-4.492729664,-7.936160088,-6.487878799,-4.765835285,-4.894061565,-2.818677187,not_covid
3Liy9uBgsQM_,0.373674721,0.090896375,2808.776158,2683.346616,6097.535197,0.132742423,-145.3330383,74.38465881,-5.495630264,9.984993935,-17.69344711,5.605081081,-8.586876869,8.294615746,-9.763975143,-0.142839253,-6.78455019,1.654803634,-8.433759689,2.304040909,-8.257757187,-0.769939363,-8.103066444,-3.547158241,-8.564415932,0.699665487,not_covid
3nOZJicBKkU_,0.519490719,0.013096009,3269.135857,2580.863149,6024.212646,0.22845685,-468.5094299,58.76940536,-20.31756783,-1.896488667,-9.26530838,-5.85387373,-17.0773468,-19.6429081,-11.04577827,-2.546491385,-13.4414835,-14.77350712,-7.985138893,-9.806032181,-16.10050392,-9.821516991,-7.997161865,-2.604329348,-5.198348522,0.620156109,not_covid
3vYB7hZxQgA_,0.228165612,0.029506685,1003.034355,899.7953068,1912.916056,0.039293077,-501.8443298,27.74190331,-16.54103088,3.740846872,-0.091014758,3.6207335,-3.572455883,-2.454809904,0.937329113,-2.905720949,-0.572267175,-3.722017288,1.028402567,-0.320941359,-2.006867886,0.499641001,-1.604700208,0.626029849,-0.888131738,0.596929431,not_covid
4_0uUL2HPe0_,0.513767004,0.002759232,2479.956423,2467.195567,5102.073161,0.134833442,-458.9251709,87.15474701,-22.21043968,3.928775549,-10.60956001,-2.652197361,-9.639725685,-8.002633095,-8.409394264,-3.301945925,-13.52276039,-4.255954742,-10.4246912,-4.619887352,-9.760190964,-6.517351151,-8.009928703,-4.257398605,-9.59954834,-4.627969265,not_covid
4eb2LU3X_zs_,0.259972006,0.144175187,1938.46422,1896.51818,3569.178263,0.099005805,-229.5395355,70.4315033,16.73866844,14.05465508,2.346363306,-5.376918316,-4.955825329,-2.133473873,1.499844551,-0.532382369,-1.434149623,1.255472302,-7.16803503,2.496644497,-4.231316566,-3.378722191,-5.898977757,-1.714869738,-2.26315093,-2.003895044,not_covid
4EiskLYtkO4_,0.358114481,0.006461456,2018.265692,1844.422331,3535.233561,0.11928078,-452.3752441,98.29286957,-57.74489975,-7.42458725,-17.39182281,-6.049109459,-4.935046673,1.869183898,-2.773271561,-6.77685833,1.124040246,2.164214849,2.446496248,-1.063143969,-7.088879585,5.600463867,3.641687393,2.416113377,0.573455513,-0.377710134,not_covid
4jQ8ffBxWkk_,0.323940039,0.063716508,2799.906747,2471.799879,5652.415975,0.151279026,-194.4549408,61.79164124,-21.80485916,14.62169743,-6.951360703,-5.29627943,-32.78669739,4.028507233,-2.442609072,0.139033034,-6.732435226,1.418831944,-8.762944221,-6.235134125,-1.189859509,0.155258462,-1.720671177,-0.812920749,-4.633889675,-2.291441917,not_covid
4K946lkrL9U_,0.436161369,0.039505798,2663.97029,2719.182579,6163.032023,0.13514766,-235.5423126,71.12290192,-17.37452888,17.66493797,13.67354012,7.593542576,3.722462416,15.0679369,1.429082513,13.98959923,-0.645378113,7.507563114,-4.511246681,12.74297905,-1.008485556,4.205087662,-0.380393714,13.10878277,-0.036353007,1.424220443,not_covid
4ldID97D-oU_,0.420666933,0.024343072,1670.791637,1485.258552,3421.785482,0.105692546,-300.7464294,143.997467,-54.19458771,47.82029343,-24.53578186,1.540209055,5.641965389,-2.371278048,14.21286011,-11.49146652,8.755763054,3.935165882,-0.292472124,6.496425629,2.297217369,-0.021611532,-0.751514792,3.421931028,-4.153487206,-1.17746675,not_covid
4lOXjW8rpxU_,0.535936594,0.00901507,2993.809023,2716.64333,6185.761515,0.175953053,-391.1061096,72.32305908,-3.932929754,13.919981,1.670864582,7.614603043,-1.618445754,3.04889679,-2.598608732,7.827190399,-4.782280445,10.79531384,3.245794535,0.295508772,-5.997644424,1.668897867,-5.018987179,-0.633834541,-3.865240574,1.394333482,not_covid
4rPNHAf-0Qw_,0.363772333,0.241855055,3720.674273,2743.896147,7034.079997,0.211947971,-83.30631256,23.63532448,-15.86534023,2.775000572,-19.38097954,-3.292195082,-8.291614532,2.134905577,0.424658924,8.598608971,0.104292691,3.674519777,1.450482368,6.402376652,1.50028336,2.488981009,-1.924388766,2.292268038,-2.034897327,3.419659138,not_covid
4txOUgXllWE_,0.514250219,0.037702933,3528.531247,2725.062288,6565.533447,0.239361798,-389.8151855,41.66372681,-11.19033909,2.051854134,-2.146039724,-10.52585602,-14.7875433,-8.839982033,-16.41857529,2.123594761,-14.60311985,-7.339434624,-2.335864067,-1.020956635,-3.009382486,3.822539806,-1.517365575,-0.171808884,0.756172478,-0.004121357,not_covid
4vyk0EIJGWY_,0.559793174,0.012553818,1621.745449,1644.477621,3245.980835,0.093499078,-324.4319153,143.4240417,-43.73737335,28.61698914,-27.87226105,22.48753929,-20.06282616,10.84664822,2.152088642,-2.945168972,6.223101139,-3.156933784,10.54698849,-9.317411423,6.0332551,-9.27537632,0.249719411,2.857850552,1.617034197,6.144726276,not_covid
4WLF2CT0eCM_,0.384760559,0.069118798,1462.128024,1095.044436,2604.570516,0.105475532,-296.9913635,131.7912903,-40.27724457,25.20411873,17.17082787,-34.4683876,-2.671594381,-3.58985281,-21.0358963,-3.321608305,-9.486981392,-10.26459408,2.312110901,-4.493418217,-5.434583664,-1.257637024,-7.557133198,-4.388764858,-3.696666479,-7.372445107,not_covid
4xQcOwfV48Y_,0.403090447,0.040212721,2465.361149,1861.960902,4559.45638,0.166282371,-319.8685608,69.48321533,-42.77507401,36.88404465,-0.706758976,1.433532834,-14.15018082,-8.5026474,-9.774415016,-2.019265413,-15.85671616,-1.085518837,-3.657356024,-5.107500553,3.899394274,-7.815310955,-1.702087641,-5.605877399,-4.677108288,-8.499938011,not_covid
4yFWcSkby5w_,0.684558511,0.000234027,4223.866337,3322.024386,8234.506226,0.225316931,-667.7905884,35.64033508,24.96146202,18.01099968,6.5685606,11.78700733,-1.362671733,6.755645752,-3.637563705,1.566949368,-3.538274765,-0.251326203,-0.436498433,0.541990876,0.657851636,1.982216835,0.652162015,2.459001303,0.122537933,2.994820595,not_covid
05YBpmCnoOQ_,0.36224395,0.13159965,1472.469688,961.3997203,2488.430786,0.119072808,-170.3852234,169.7750702,-81.61058807,17.72643661,18.28614044,-39.19202042,-3.02469492,-6.845843315,-20.12631035,-3.861969471,-4.974962234,-11.70399761,-9.172557831,-0.805995047,-5.424655437,-7.51405859,0.982887506,-3.435985327,-1.278574109,1.83193481,not_covid
-5dCv5_nvU8_,0.425250679,0.010332707,2885.344916,2777.170836,6010.754395,0.156439887,-457.5387878,64.38558197,4.163181305,5.005246639,-1.753934383,-16.24369621,-16.53041077,-10.48133183,-11.36424637,-7.56340313,-7.980133057,-3.320851088,-2.374101162,-1.709449768,-5.233523369,-2.0205338,-3.348929167,-0.756816983,-3.875175953,-2.23024869,not_covid
5hmDPsZnmf4_,0.511427402,0.017094901,3392.423439,2746.62589,6716.864014,0.22966173,-440.4313965,40.70452499,-13.68616295,-2.550354481,-14.04818249,-16.632658,-16.28226471,-5.955758572,-2.199420452,0.120198637,-11.6298399,-8.863631248,-4.252929211,-6.796020031,-0.189778224,-1.882733941,-13.99675655,-4.971432209,-2.819310427,-4.405136108,not_covid
5jznaeFpsJU_,0.418303698,0.009333863,2230.03041,1985.673597,4126.848348,0.124448423,-488.672821,71.49859619,-18.11198235,24.46349716,-7.348989487,-6.670548439,-7.988632679,-22.09283066,0.726890802,2.578921556,-7.672215939,-13.19956017,-4.325217247,-9.202515602,-8.611018181,-8.342259407,-8.533565521,-10.56501484,-4.769956112,-9.935429573,not_covid
5l9qTa5OAL8_,0.40017426,0.055973742,3581.156848,2295.044722,6001.981608,0.283983019,-242.7523193,39.99631882,-31.63909149,12.20349503,-55.74912262,10.28771305,-37.94950867,-9.395674706,-14.72919273,-14.47686672,-17.917593,-12.56873131,-13.78211689,-7.343908787,-12.88446045,-2.191990852,-4.801346302,-7.353072643,5.76928997,-2.848921061,not_covid
5r9Ixli8hnc_,0.278760701,0.041465323,2545.9874,2109.804603,4943.365479,0.145191334,-310.5452881,37.61372757,-37.61746216,-21.72182465,-19.81822395,-0.37770009,-10.94177055,1.137988329,6.93566227,-7.356748104,-0.164028957,1.894093275,-1.50483489,4.278766632,-5.167382717,0.858862758,3.219568491,-3.111819267,-1.360985041,-1.97426331,not_covid
5wbc84KnDS0_,0.303276449,0.174373448,3012.171518,2554.024721,5984.735107,0.154536495,-119.358696,37.37176132,-44.33416367,-11.06276798,0.605883837,-8.132566452,-32.70701599,-17.07493401,-10.82018948,-10.95660496,-17.46515846,-7.487137318,-0.507552803,-3.298082113,-11.68307304,-10.08149433,-2.078513384,-8.529807091,-0.276809752,-4.37841177,not_covid
6K_sU6-dp0Q_,0.490691572,0.188663766,2157.774466,2278.326607,4453.584798,0.106725622,-35.12701797,103.3395157,-16.6973362,23.04981613,-5.879827499,4.915967464,-1.544741273,14.76269722,3.257712364,2.065696955,-3.310456276,8.402462006,8.058834076,7.005866528,0.882814705,0.441997916,-5.617305279,0.657181799,-1.797394395,4.473317623,not_covid
6l52kPskdRI_,0.411695659,0.113391332,2381.694756,1932.797099,4554.471842,0.149251302,-164.1359253,99.52474213,-53.64528656,24.66836357,-48.06799316,6.244718552,-36.34276962,11.60802841,-24.47785378,0.654429138,-7.354836941,-8.128336906,-3.571376085,-12.52689934,1.635779738,-11.71910858,1.387371778,-11.36055946,2.609502792,-4.584264278,not_covid
6lbkx_tf50g_,0.606493652,0.02205416,4161.903996,3000.493516,7851.394653,0.310494882,-447.8998718,20.94686317,-3.571039915,4.828799248,-8.205285072,-6.27146101,-16.31527138,-6.002080917,-10.18681812,0.64302057,-2.571750879,0.564753592,-7.620092869,-2.559787989,-1.897004962,2.506357193,-4.231956959,0.247165263,-2.594106436,-2.828368664,not_covid
6nTcsNoIGDw_,0.578565121,0.007002763,3861.718252,3103.707957,7662.281291,0.226022226,-534.1514282,41.00546265,12.52641201,13.55992889,-2.871739626,10.32243252,-0.936441779,-1.289649963,-7.5597682,3.970803738,-6.041253567,-0.057206824,-1.450973511,-2.72898984,-1.620348573,-2.751096725,-2.750848293,-0.036031265,-3.427395344,1.491412163,not_covid
6OatUcXF4nk_,0.290914923,0.212590605,2272.129086,2275.989552,4712.381999,0.09926577,-75.47475433,85.72052002,-17.670681,14.37222385,-22.04816628,2.471525908,-17.43226814,-1.442155957,-21.83766937,-6.049324989,-7.252401829,-8.101830482,-6.821643829,-5.070062637,-5.97729063,-3.368928432,-10.40604496,-9.250569344,-7.884595394,-7.944913864,not_covid
6PdQjCUz-S4_,0.386215001,0.139356807,1911.426745,1785.820995,3811.277262,0.109542282,-148.5521851,117.7877426,-45.55584335,25.35978889,-22.21426964,27.53978348,-28.78918457,-1.374844074,-15.27907085,-0.680734694,-4.740610123,-7.29817915,-3.720072985,-4.550096035,0.343453854,-4.27890873,2.499963045,-3.796494484,7.126267433,-8.576957703,not_covid
6pyURnYYMwo_,0.452314585,0.046419952,3709.741742,2761.619845,6919.934082,0.261707447,-304.7237854,31.27198601,-27.30279732,-2.789072275,-9.352085114,-13.82612324,-14.42189693,-5.641338825,-10.2692728,1.118589878,-10.85172844,-6.975965023,-7.493835449,-4.191653728,-5.933292389,-8.586103439,-4.574717999,-2.482934475,-6.952698708,1.41916585,not_covid
6uW93XzK0Xw_,0.346203417,0.037682686,2123.753635,2190.848822,4477.909342,0.101982964,-280.8226929,81.51275635,-3.214692831,9.3839674,-3.242069721,3.339245319,-13.3887558,-4.19512701,-4.368090153,-5.227176666,-15.47732639,-0.033581488,-8.073101044,-3.719856501,-5.471670151,2.446918726,-8.864508629,-2.827947378,-1.279213428,-2.519840956,not_covid
7_v8jFFo9SM_,0.338023722,0.065012701,1878.814548,1372.325466,3500.74056,0.135475441,-284.8894043,128.057373,-90.21606445,26.47145653,-20.07100677,-3.732143164,29.1697998,-18.09039497,11.59386539,-4.146730423,-6.609170437,19.21707726,-7.610326767,14.66907215,6.526908398,-6.638100624,18.41981888,-2.871257305,-5.872906685,4.305100918,not_covid
7GBy8CUVUhU_,0.352225453,0.098275058,1761.764227,1207.877075,2980.65389,0.133391204,-182.9004211,145.0340118,-93.68340302,30.33277321,-7.862339497,-1.221328497,-8.800711632,-23.44080353,19.40838814,-15.51916504,1.794638038,10.79437733,-6.306236744,9.67317009,-8.074638367,4.759799004,5.015380383,-6.133438587,7.38843298,-5.26404953,not_covid
7hQ-7sWi8W0_,0.390708745,0.068322964,1297.622958,1272.763359,2502.138265,0.066926179,-281.3678284,119.4794769,-18.23883438,8.107794762,-14.86255741,-14.50141525,-0.661437154,-16.98094749,-7.764435768,-0.188805893,-5.039050102,3.183705091,-5.311376095,-6.575777054,0.623457313,0.510350466,3.095123291,-0.949987531,-6.295554638,-3.630950451,not_covid
7IMXwGU4Ja0_,0.332054198,0.129590407,2406.295022,2071.699521,4511.604818,0.136705187,-168.8329468,72.37670135,-47.94960403,-0.921272576,-27.8159008,-17.98705864,-42.00531387,-0.93858707,-20.00107574,-5.421229839,-15.07131386,-2.357989311,-12.4240799,12.24679565,-0.952687562,-1.750712395,5.289059162,7.627304077,0.64586091,-2.242140055,not_covid
7J9eEukmoIA_,0.335650444,0.131941378,1316.384645,904.6723703,2289.64742,0.094710739,-210.1040039,166.3216705,-77.95332336,-9.101567268,5.380135059,-43.28673935,-5.523598194,-3.339918375,-24.08806038,3.010879993,-2.062828302,-14.59935474,-1.945761204,-5.162958145,-5.919270039,-1.355753541,-6.091474533,-0.056182474,-1.307122946,-7.990807533,not_covid
7-MnR3o0iAs_,0.497433662,0.060829844,1909.371316,1430.746504,3591.708374,0.142313639,-229.1545868,131.0206909,-64.97802734,47.6699028,-19.69667244,-7.457607746,11.75088978,-20.36176682,6.961607933,-10.58049202,-0.370596647,-1.10477531,-14.15161228,6.930651665,-8.304437637,-3.865326405,-1.740776896,-7.741431713,1.312108397,-7.823698997,not_covid
7pqRqXjqeX4_,0.378052592,0.047900964,4050.877068,2914.486572,7406.524658,0.359867802,-284.0871887,34.72344971,-9.69025898,-4.503610134,-12.13285351,-12.65647602,-33.15772247,-9.51494503,-29.93180847,-0.309171617,-23.49373817,-2.955565453,-16.35379791,-0.495787501,-11.32319927,-8.920678139,-9.025959969,-5.048073292,-8.546754837,-8.311547279,not_covid
7QkwmMU4w1M_,0.386118144,0.056608573,2485.296681,2531.03511,5253.204346,0.122429742,-207.0606079,89.61312103,-3.767606974,-4.64359045,-26.02708626,-4.825683117,-12.01006603,0.81540823,-9.751273155,0.843425393,0.528530538,-8.733338356,-2.872033834,-2.034732103,-4.982938766,-6.247495651,-7.14032793,-1.525603652,-9.652467728,-4.573009491,not_covid
7xSTAmKAsFE_,0.570572019,0.011866231,4208.658116,3173.540771,8281.560262,0.302515101,-373.065094,33.92038727,-0.872062683,-1.656560779,-13.63315201,-15.92575264,-12.51052189,-12.07510471,-9.674634933,-8.940682411,-10.86187267,-8.146974564,-11.91300678,-7.050143719,-8.514986038,-8.073054314,-8.81590271,-6.48469305,-8.076519012,-2.256093025,not_covid
8FEQuq03bgU_,0.386386693,0.075174995,3184.952787,2748.747442,6469.680786,0.186514395,-166.4385529,51.48818207,-30.74527168,-7.711743355,3.677381516,-18.6646347,-13.0997448,-15.87301636,-29.94124603,-5.046303272,-15.84508038,-7.424987793,-9.823262215,-7.234389305,-4.764927387,-3.182867527,-16.92327499,-3.534757853,-13.3992672,-4.095589638,not_covid
8FXX56zpypA_,0.452219844,0.008744814,3170.398964,2783.050327,6350.350952,0.195757831,-438.369873,58.42003632,-15.66734982,-0.362344682,-8.027012825,-8.00356102,-12.22549438,-14.91360855,-11.73629189,-9.260120392,-12.94659328,-9.007825851,-7.821289539,-0.246824905,-8.716233253,-3.52194953,-9.956913948,-3.070325613,-4.995038986,-1.123853087,not_covid
8ieJbzu7ql8_,0.399255872,0.059456322,2730.621042,2501.8107,5477.608236,0.146993001,-211.4033203,73.72268677,-7.581354618,21.71183205,-3.192828655,2.87998867,-13.97728634,-3.339374304,-16.59362984,-6.308956623,-6.788806438,-3.547203302,-4.953322887,-4.679001808,-8.715293884,-0.270561546,-2.570918798,0.154653192,4.158464432,0.777666748,not_covid
8IhJllXxBlQ_,0.51309216,0.025748141,1806.499654,2115.535861,3838.941447,0.078660753,-417.9660645,104.5429535,1.212749362,8.193878174,4.302364349,6.21150732,4.664250374,-4.103243351,-6.646062851,-4.552975178,-4.220979691,1.548665762,0.743554413,-3.773457289,-2.750619173,-1.365138292,0.536752641,-0.78745538,-2.725330591,0.054611772,not_covid
8l8ghk2CDbE_,0.477671295,0.022803051,3668.818348,2586.051824,6968.583171,0.283076534,-300.7416382,59.80007935,-46.05657578,13.05087852,-11.02277946,21.17762184,-50.58359528,53.59665298,-37.52088165,26.21219444,-9.476126671,7.21856451,1.927072167,9.134559631,-2.941428661,6.912443161,6.259008408,-3.831332207,16.90741348,-3.209465027,not_covid
8yDeG7e1-9I_,0.27914235,0.048103355,2397.222501,2240.791144,4576.005046,0.12508138,-254.2115631,68.16166687,-43.91904449,-2.727173328,-13.84472275,-21.3295269,-33.74913788,-16.21574211,-23.78539085,1.568574667,-3.63117671,3.422683716,6.676317215,-4.59707737,-9.996183395,-14.75897694,-17.84929657,0.377479821,-12.29777622,-8.168071747,not_covid
9_PvnvCyKc8_,0.534744799,0.020553876,2767.799071,2507.888758,5451.489258,0.176068341,-375.1799622,85.30001831,-25.49552345,2.614284277,-2.171354771,-5.074932098,-0.423526764,3.191630363,3.010680199,-2.244070768,-7.707137585,9.074905396,-3.189115286,-4.294739246,1.789140344,-3.348417521,-5.459767818,4.736899853,1.482216954,-3.229050636,not_covid
9h3a7fN0f-c_,0.381581813,0.037035987,3113.293072,2934.541476,6918.737793,0.162382903,-278.6306458,66.81710052,-5.807517052,4.210941315,4.387128353,-3.09047699,-16.04019356,-6.27454567,-11.45420551,2.51635766,-6.248618126,-7.794488907,-3.686085463,6.758505821,-4.138786316,-0.961423516,-2.729839087,-3.173791885,-7.067164898,-1.957659245,not_covid
9hl4R896W3Y_,0.346720338,0.021896509,2073.233971,2384.985055,4595.444743,0.080062301,-404.9807434,95.90037537,-2.223157167,11.54349995,-6.088794708,-0.458569348,-15.49058437,-0.803388834,9.824724197,-7.957098007,-15.91476822,-2.420901299,-10.476964,2.727032185,5.63741684,0.821003675,7.286980629,6.16170311,-5.083562851,1.705939412,not_covid
9k1ZuVzpF7c_,0.25432384,0.028291158,2512.103125,2512.54214,5012.750244,0.123697917,-346.2865601,73.37950134,-35.61227798,-12.24682426,-9.953362465,-21.98790169,4.275399208,-0.074841395,-13.87129879,-17.37137794,-8.740610123,-17.38792992,-21.10936165,-9.899422646,-26.13155746,-6.372074127,-4.886266708,7.940154076,7.225010395,-1.164328694,not_covid
9KNqsONT3-Y_,0.482815444,0.038078599,3611.909284,2641.638867,6566.530355,0.280094853,-248.5762482,51.94971466,-8.974511147,-3.973782539,-22.93184662,11.86615372,-19.84126472,5.018630505,-25.74013901,5.227370739,-5.90925312,-1.817468405,-2.402515173,-1.208368897,-1.871175408,-2.208564281,-6.508553505,-2.631615639,-7.873259544,-7.01715517,not_covid
9kY53W3S_dE_,0.331982374,0.018677106,2708.843404,2294.600492,5077.698771,0.15628843,-328.6946106,63.00425339,-27.6240139,0.212844208,-22.62324142,-10.74866486,-18.11141777,-15.56748295,-12.42075348,-3.672102451,-18.55392456,-1.329915047,-9.129999161,0.166154087,3.734000206,0.111182742,-1.554279447,-0.702172041,-5.265201092,3.973584414,not_covid
9P8waFCqbOQ_,0.334259123,0.020448482,2575.991508,3066.54299,6704.602051,0.087108471,-452.6369019,52.57314301,22.70916557,16.18554115,22.28517151,10.15631485,5.542260647,3.247871399,-0.682447672,-2.343806028,-2.957602978,-3.378036022,-2.34985137,-0.767484128,-2.924958706,-0.0399331,-6.418054104,-4.515250206,-6.294585705,-5.614908695,not_covid
9pX8I7KzQAI_,0.273527354,0.059695348,1161.514162,1020.053385,2239.453125,0.073800546,-300.4604187,155.8725586,-30.83899879,24.76497841,0.987930179,-39.24856186,10.51946545,9.657710075,3.703450441,13.63250542,-12.43800163,-6.171242237,5.07867527,-10.37594414,4.473867893,12.15856266,-1.11218369,7.56492424,10.1715517,2.606472492,not_covid
9WbIa8U8twQ_,0.327554166,0.035073057,1777.231879,2189.490599,3685.018921,0.070561162,-267.8373413,114.106575,6.850043774,23.11811447,-9.014305115,-6.287772655,-11.98560429,-7.490465164,-19.64276886,-6.253702641,-7.531592846,-8.19695282,-6.492694855,-9.949519157,-8.740699768,-4.279268742,-6.414462566,-3.163102865,-5.135819435,1.293542981,not_covid
9WNz_rrwLFE_,0.404570907,0.054844148,2705.816613,2721.901203,5810.724894,0.127965856,-258.5162354,71.75830078,-3.797125816,-12.08703041,-13.25033665,-11.88199043,-3.831218481,2.650257349,-4.444538116,-3.761179686,-2.985904217,-1.974773288,-11.13204384,-0.860980153,1.442810059,-2.51218605,0.339442402,4.132985115,0.826236784,7.133784771,not_covid
9-XHdlyHhaQ_,0.380752295,0.137733862,2137.488859,1595.227204,3979.95402,0.142602991,-186.6826477,86.64353943,-74.22090912,12.12031841,-35.79561996,-12.61527729,-22.93822289,-19.57460022,-0.342952013,-7.933223248,0.728979409,-15.63942337,0.601223409,-3.205102444,-4.62225008,3.712600946,-9.494178772,8.744810104,-3.948790312,4.146726608,not_covid
9xpJWu2rNsY_,0.40022105,0.009713648,1949.737988,2557.956343,4325.432332,0.066419813,-370.4692078,107.978775,14.49170685,14.38279915,10.66743565,6.397204399,6.622555256,-5.615510941,-14.79924393,-6.981966496,-6.580531597,-6.4694314,-10.76532555,-7.535105228,-10.65608597,-10.72740459,-14.01177597,-4.802788734,-8.980377197,-5.503274918,not_covid
9XSE1pdHwSU_,0.520069957,0.001872484,2220.217459,2551.78643,4859.924316,0.096589265,-524.7194824,91.90227509,1.656984925,24.46545601,11.38939953,14.38442612,4.745156288,2.734793663,6.249741077,7.896890163,-6.046416283,-3.202523708,-3.909104347,-0.251924187,-5.19999361,-4.478136063,-7.197099686,0.660269022,-2.364856958,0.035608158,not_covid
9yAGKsPDM14_,0.608217239,0.018378893,3538.619081,2911.220129,6966.888428,0.213564272,-478.3269958,54.06894302,-6.979018688,-1.115565777,3.574560642,10.33690071,-6.999035835,9.588421822,-2.79011488,2.339439154,-1.56213522,0.687598288,0.025056414,1.312072515,-1.620948553,-0.781633079,1.748423815,-8.460380554,0.722680628,-1.196354389,not_covid
9Zl4VUruA9I_,0.508575976,0.023620768,2268.680186,2634.249569,5353.842163,0.074234574,-339.3345947,100.0365143,-6.699615002,6.188976288,14.54245377,7.283849716,-1.569139719,8.477612495,7.005346298,4.163794041,0.070595212,4.457217216,3.585582495,9.155406952,-2.635247707,7.57314539,0.884320199,2.671985865,0.536371946,1.729709625,not_covid
15lAut5Ry-U_,0.537441552,0.025389064,3720.749561,3007.896895,7476.457723,0.230889214,-391.6138611,36.63630676,-12.56191921,-4.566419601,-6.677825928,-7.721728325,-4.708291054,2.184919596,-5.344537258,0.584055066,-2.765886307,-4.589104176,-11.63434315,-9.0729599,-3.647011042,-3.283991814,-5.145849228,-6.68708086,-7.400806427,-4.258250713,not_covid
33NSh9cvNvI_,0.486317009,0.018866332,3095.445595,1793.313504,4812.87028,0.178111889,-441.790741,15.33956814,-11.38715649,119.0280609,-34.56445313,-1.535426855,30.6571331,-0.161054298,19.13010025,-7.733923912,9.110286713,9.999752045,3.904958487,4.300085545,-1.400973797,12.65773773,-0.89610517,0.218426034,5.789601803,0.773498416,not_covid
39IZIbmQPzA_,0.377078921,0.049809199,2504.557174,2147.503202,4902.69165,0.156396936,-218.7695313,86.44799042,-46.70637894,2.224863052,-29.80757713,10.26568604,-20.11038399,8.895851135,-20.41370964,18.81506729,-8.301704407,7.332773685,-8.005706787,4.224783421,-3.582942009,1.103970408,-7.502112865,2.443172693,-1.832564712,3.662560463,not_covid
40fIOkLK3j4_,0.500179112,0.007548363,4014.819595,2902.92834,7221.24939,0.281688549,-388.518219,44.2709198,17.78721046,7.36956358,-9.617832184,19.73776436,-17.94275284,9.320334435,-11.79178238,3.391539335,2.553780794,3.397936106,0.510803878,0.1738455,-0.138609752,0.259947926,-1.477655172,1.396484137,-3.919450045,-1.333385348,not_covid
42RAaEB-Jgs_,0.625862658,0.016528131,777.6469018,1553.595535,1335.85612,0.0198952,-501.1158752,144.5274963,34.71502304,33.5949707,28.32439423,18.77911186,10.28549004,9.134029388,6.905874729,3.830976248,1.89049232,6.181165695,6.1439991,0.649501681,1.353481293,2.623576403,-0.744864404,0.466127634,-1.888847828,0.272268683,not_covid
43FtU9nHMxc_,0.39792785,0.127275527,3400.09127,2619.300584,6390.974935,0.232234248,-140.077652,36.99272156,-37.81089783,-9.776284218,-12.34648991,-16.59669113,-24.98602295,-11.24776077,-15.87011528,3.574585438,-4.439415455,3.921805143,-1.916823626,-0.963708639,0.174098238,-8.950028419,-7.454607964,3.805727959,-8.967987061,-1.273180604,not_covid
43MaVucRguE_,0.381140441,0.110407941,2531.506886,2229.889519,4985.235596,0.142225477,-117.9753265,79.77005768,-45.15994263,14.15692806,-17.50490379,0.546113908,-27.85225868,4.017145157,-19.90392113,5.212170601,-21.55235672,-10.15194321,-6.847177029,4.671288013,-6.036112309,1.042405844,-12.27822304,4.936058998,-12.32404041,-2.386672735,not_covid
44nJyshuBYk_,0.417800903,0.16663295,1164.679409,1017.923804,2360.92631,0.06781684,-188.8827515,168.3900146,-48.86567688,19.87130928,27.25134087,-33.90957642,-5.601217747,5.918374062,-20.6049633,-3.278427601,-0.359105438,-12.56178951,-2.658460379,-2.388806343,-7.833919048,-1.414010763,-2.567732096,-3.799821138,-0.279073447,-1.975008845,not_covid
46IWQpa2v64_,0.394017339,0.037821565,1507.051663,1271.68812,2876.028442,0.092174389,-323.6799622,141.4540253,-54.65503693,3.631266594,17.47707939,-33.42672348,-3.220792532,-7.381824493,-32.83108521,-6.204852104,-7.825779438,-19.28925896,1.01229322,-0.079070196,-6.390439034,6.623353958,-4.94217205,-11.04411983,1.190582037,-3.29235363,not_covid
60NM10sTc9c_,0.443257838,0.063511632,2542.484443,2273.379337,4915.20284,0.162780762,-268.7704468,79.80555725,-39.06733704,7.572101593,1.548060775,-25.80111313,-26.43963242,-3.10706377,-16.4466629,-2.606099844,-10.82409,-2.011279106,-13.41345692,-2.137906551,-13.89408779,1.24562633,-4.136741638,2.841057062,2.368724585,11.42550278,not_covid
64Ymtt704So_,0.410760105,0.044344958,3909.1675,2563.721458,6912.955729,0.291243942,-216.2920532,31.40611076,-21.30042458,8.744963646,-16.86003494,-7.081830025,-28.82997131,16.40673828,-22.84346581,1.213456273,-1.799482584,3.195635557,-3.465835094,3.496499062,3.334054232,-0.662233412,1.679424882,6.564737797,-1.479920864,4.993683338,not_covid
#NAME?,0.49297446,0.005093018,1600.647469,2300.999728,3660.644531,0.047815394,-543.7769165,119.100296,23.90296936,23.70948982,8.697511673,10.83991337,1.680630565,7.781386852,1.686800241,3.687685251,-2.675645828,-1.25075388,-2.634280205,1.647434711,0.647164106,1.602688789,-2.469729424,0.704325199,-5.352920055,-1.28107965,not_covid
#NAME?,0.40028286,0.052132484,2664.129566,2563.440387,5518.182373,0.121514214,-290.8406067,85.51441193,-10.98687267,10.97055626,1.218061805,9.801714897,0.316855103,-7.225133896,-2.831452847,2.981584549,-8.84307766,-4.629811764,-7.424621582,-4.5111413,-7.482200146,-4.865529537,-6.353733063,-5.024187088,-8.422812462,-0.831207693,not_covid
#NAME?,0.704280794,0.058738757,3090.031219,2740.856272,6530.841064,0.179077148,-75.59545135,68.84922791,-11.66583252,17.18964005,-4.745079994,2.061405182,-8.534119606,5.379292965,-4.747191906,5.724701881,-6.867559433,0.677696705,-7.53510952,0.602186978,-6.629556179,0.659050405,-4.125255585,0.734949768,-4.655416965,-0.645008743,not_covid
#NAME?,0.424896061,0.044159308,3173.872023,2482.951387,5768.306478,0.221742983,-264.0645142,58.72976685,-7.446329117,15.07565498,-24.54665375,-7.761267662,-29.1582489,1.814475417,-19.11000252,-9.132166862,-3.354258299,-0.625627398,0.677354813,-3.651989222,-6.051375389,1.211773992,-14.92381573,-11.18005753,-8.861262321,-5.078875542,not_covid
#NAME?,0.434573233,0.104041226,3006.457898,2270.008544,5383.550008,0.225384748,-113.6093369,61.57564926,-50.14319229,13.73249626,-3.861805677,-16.06651688,-11.14799023,6.13310194,-32.13466263,14.27817345,-8.916543961,1.918062806,-8.44133091,2.808456182,-6.152547836,-4.181546211,-7.060247421,-0.96489495,0.560492218,-1.245851636,not_covid
