chroma_stft,rmse,spectral_centroid,spectral_bandwidth,rolloff,zero_crossing_rate,mfcc1,mfcc2,mfcc3,mfcc4,mfcc5,mfcc6,mfcc7,mfcc8,mfcc9,mfcc10,mfcc11,mfcc12,mfcc13,mfcc14,mfcc15,mfcc16,mfcc17,mfcc18,mfcc19,mfcc20,label
0.663986492,0.188802417,0.186009411,0.211393453,0.213377003,0.208435638,0.459825087,0.626572445,0.481153783,0.228675174,0.653384224,0.548245101,0.620192529,0.392691401,0.523145237,0.456893344,0.716026627,0.307729806,0.629848815,0.62587626,0.692563533,0.474647407,0.409092388,0.438186032,0.425932522,0.20361201,1
0.69228032,0.006359504,0.470884517,0.647177778,0.507308359,0.307875352,0.234930772,0.33371958,0.622753108,0.541053643,0.663706889,0.575375266,0.820859403,0.416674173,0.673667163,0.693234101,0.726436119,0.477305511,0.88872624,0.587726063,0.919656742,0.671561732,0.576059768,0.625083155,0.573523361,0.379163358,1
0.621541026,0.138328018,0.590468485,0.779793754,0.753525606,0.491444302,0.609317011,0.262601601,0.608738268,0.270454038,0.713055724,0.504175704,0.384775024,0.305040387,0.333555055,0.747046483,0.746955108,0.343396025,0.531548641,0.656576282,0.784107595,0.557968743,0.247961475,0.436446728,0.455758222,0.150585314,1
0.50892555,0.03125406,0.288470156,0.611736243,0.489551754,0.159421309,0.497767659,0.598052696,0.688861831,0.300696624,0.50659251,0.857433542,0.360065619,0.325360426,0.479221536,0.224328368,0.565142245,0.322184449,0.247011702,0.437749819,0.549676129,0.586909686,0.147917679,0.323146138,0,0.121411651,0
0.483011002,0.123900611,0.238033004,0.390800278,0.329992692,0.21516338,0.364912945,0.313300096,0.705479278,0.248569932,0.571689805,0.624055119,0.491717617,0.348684788,0.404220589,0.410680332,0.779789295,0.32720608,0.549515374,0.478423739,0.80687133,0.360870576,0.309501447,0.38048895,0.323210773,0.148066695,0
0.578081502,0.291201551,0.505661361,0.367175149,0.497105133,0.725333866,0.474813231,0.138249396,0.071397569,0.452821242,0.429854749,0.872515962,0.58035084,0.51635414,0.443090519,0.312394808,0.772625942,0.055333332,0.864299041,0.314995769,0.650290094,0.372907792,0.224377351,0.275938196,0.379624798,0.319324424,0
0.468473807,0.243231417,0.173260504,0.214184789,0.20837514,0.272979631,0.517182577,0.58657794,0.47862705,0.089805337,0.62706379,0.618395877,0.354154347,0.244219083,0.457006538,0.359084184,0.61759692,0.286760349,0.691801682,0.487568578,0.606425526,0.498926918,0.442158216,0.450819233,0.378294255,0.216666373,0
0.279951841,0.110675587,0.228372896,0.293289073,0.28280641,0.242966697,0.491525111,0.571492506,0.507323833,0.181208103,0.490444066,0.70084945,0.465109967,0.382877836,0.48711837,0.252648712,0.660443183,0.378599342,1,0.649818601,0.64376747,0.407681169,0.349170428,0.373103117,0.09460215,0.142319498,0
0.390146098,0.372575838,0.288484487,0.421761376,0.378667713,0.244010472,0.575453525,0.365700413,0.627169394,0.291120055,0.382863134,0.87336218,0.438218846,0.344837619,0.27925775,0.084104429,0.210199699,0.099495106,0.718745155,0.340404831,0.630819988,0.26778314,0.061310054,0.229897073,0.365970867,0,0
0.32659,0.105915463,0.356432803,0.387302207,0.385306139,0.420218922,0.325389561,0.356000464,0.730411037,0.253712467,0.566660022,0.716515764,0.309572633,0.33500176,0.424481728,0.303801562,0.757080406,0.135558026,0.475396249,0.443423564,0.748385894,0.24587376,0.358836391,0.556796224,0.420966882,0.242248556,0
0.376408913,0.321594344,0.331665866,0.357015008,0.377057168,0.371745644,0.549220258,0.408210914,0.503318367,0.363816299,0.353127004,0.703135843,0.332567435,0.365889677,0.44197637,0.320229637,0.598303484,0.235596166,0.701857229,0.339217008,0.743891463,0.1774835,0.360455652,0.43175492,0.592127435,0.119418349,0
0.446541654,0.271413467,0.35800182,0.38526761,0.407292118,0.384779294,0.593882582,0.385005844,0.465175621,0.459108768,0.388213854,0.612427475,0.269246681,0.377851758,0.355524604,0.519615915,0.588270576,0.149042991,0.83859139,0.256246275,0.896722856,0.089143093,0.242302291,0.46394757,0.372105693,0.032104871,0
0.356903193,0.113598954,0.208832277,0.41520543,0.319534378,0.253828302,0.323290012,0.254752468,0.716302688,0.199207893,0.74303396,0.623664479,0.560083843,0.415836066,0.581362195,0.410687833,0.707183851,0.432221842,0.564057184,0.549324043,0.683742514,0.39324729,0.424708285,0.429062311,0.362295186,0.226027598,0
0.487968012,0.189239945,0.261945466,0.388664365,0.36304948,0.235038344,0.422398117,0.461409527,0.605164857,0.301767314,0.347258052,0.630925297,0.351636618,0.415581089,0.393627238,0.278710528,0.753913218,0.37790455,0.706419933,0.373541248,0.738809697,0.177708729,0.404185907,0.354830909,0.367195825,0.247171996,0
0.554104612,0.113992918,0.252106801,0.407232874,0.361195323,0.224222039,0.343827735,0.338285354,0.68666963,0.299171251,0.552305345,0.614159279,0.491126459,0.351001163,0.543307702,0.430656354,0.628556792,0.253166099,0.53788224,0.429747796,0.650189217,0.247623781,0.265616344,0.369368099,0.452403425,0.155643219,0
0.841847779,0.0187615,0.368969818,0.648322202,0.550698354,0.280364078,0.484573051,0.539934393,0.624390283,0.26298698,0.496191452,0.908163104,0.384589503,0.352892803,0.548907537,0.300395809,0.623175708,0.325262032,0.208524379,0.579466586,0.545241189,0.602530852,0.210921092,0.611087098,0.130433051,0.198769017,0
0.560474922,0.098197244,0.44072563,0.429285018,0.481028972,0.699810924,0.335640623,0.203350767,0.252478447,0.398282833,0.541333388,0.926143582,0.656886667,0.477559837,0.478757103,0.378826023,0.738556999,0.142614872,0.754457167,0.291776571,0.589982778,0.255007764,0.212114725,0.32415526,0.440299382,0.281251654,0
0.465787803,0.258596686,0.402088193,0.511832563,0.492042009,0.419943108,0.515473938,0.261047906,0.569446182,0.307094065,0.471090959,0.986786377,0.473780918,0.26906516,0.240789843,0.256409451,0.424956647,0.15803939,0.528254163,0.325053787,0.619451793,0.191989018,0.333526106,0.098207724,0.04439412,0.151978779,0
0.379640517,0.270822439,0.252807173,0.336356852,0.316252301,0.252218697,0.595989752,0.561672206,0.560241686,0.2527135,0.532703354,0.878722246,0.412804839,0.358445503,0.407603146,0.359968459,0.735862898,0.230853396,0.752745536,0.515158351,0.740452789,0.518852143,0.270769572,0.397645597,0.239196523,0.262889153,0
0.463082242,0.115446881,0.31130284,0.448159606,0.407995886,0.289882428,0.359130141,0.217236867,0.677074907,0.320145854,0.399314263,0.567454533,0.500966086,0.37813367,0.47712144,0.317687897,0.596149286,0.371047361,0.705213193,0.485047788,0.764374644,0.271627739,0.369975234,0.371875018,0.308232654,0.209549188,0
0.649855659,0.133986641,0.608379719,0.778179616,0.731160676,0.545936854,0.453950923,0.23566608,0.566055472,0.090382387,0.488619558,0.52210886,0.511179736,0.16000857,0.478477845,0.262545324,0.437194861,0.243002371,0.342938124,0.469307628,0.556306725,0.602488963,0.38116781,0.517511152,0.503178277,0.394342856,1
0.351080437,0.161736668,0.166737883,0.157897624,0.142688935,0.180583648,0.574374567,0.756453737,0.176678919,0.117499808,0.452184745,0.527787607,0.186717521,0.346978726,0.325311013,0.212048103,0.797257948,0.117872606,0.770804891,0.737922398,0.678404892,0.468506336,0.516751248,0.060588501,0.485690645,0.329799589,1
0.551344887,0.515807047,0.441632697,0.704721009,0.577062581,0.236028036,0.75017602,0.295921468,0.672288342,0.276157191,0.766936137,0.696631843,0.576784134,0.476031017,0.515189663,0.593973676,0.783040976,0.561768504,0.705208507,0.810291065,0.802859004,0.725173573,0.547091473,0.621603166,0.40271218,0.397056529,1
0.583101913,0.009594736,0.643827687,0.879393233,0.823679082,0.734886915,0.332476926,0.29281619,0.752638062,0.276026408,0.67505804,0.841249286,0.522526151,0.470572815,0.527537144,0.609870217,0.608973687,0.591162912,0.412048955,0.673153142,0.512161065,0.720477939,0.368659462,0.335802539,0.520685726,0.228453098,1
0.498518954,0.414728734,0.28432642,0.55936081,0.434596958,0.214627974,0.76196863,0.663153788,0.689164737,0.178780206,0.432631076,0.760220476,0.404785665,0.529169944,0.400940655,0.758173107,0.462415803,0.542604705,0.667315261,0.838139338,0.726972045,0.498310391,0.780455558,0.631527563,0.635245324,0.353899794,1
0.215945702,0.687569333,0.262467406,0.402551104,0.298072759,0.203038302,0.736032163,0.451786387,0.281007623,0,0.308812553,0.435334502,0.219549261,0.313791343,0.712040293,0.258248995,0.343421594,0.547371326,0.468927891,0.578216674,0.465040449,0.280992103,0.225805032,0.409481942,0.674691483,0.716703263,1
0.674446818,0.030967702,0.54681726,0.821526203,0.73967356,0.416276379,0.392918957,0.366125735,0.698060589,0.116230106,0.516519167,0.596363245,0.486994413,0.174211192,0.425423414,0.630746976,0.273990106,0.55218653,0.845004962,0.269484274,0.736039524,0.367481788,0.422956506,0.299258459,0.285352758,0.367175108,1
0.56204539,0.179019696,0.373364501,0.443068575,0.394441587,0.344553451,0.684227967,0.443136334,0.31181275,0.335343317,0.793924796,0.685003703,0.30912078,0.571408937,0.332550179,0.92284016,0.859170091,0.583254247,0.805109062,0.915643161,0.638343316,0.53077571,0.389470369,0.74965689,0.420104281,0.313087972,1
0.607390635,0.011876396,0.371741908,0.801324694,0.625155641,0.110456124,0.271332038,0.455185139,0.866575361,0.291429054,0.56601766,0.800401462,0.478772426,0.441843079,0.701303567,0.685412849,0.842479594,0.551830614,0.418000043,0.725382898,0.802135405,0.406677873,0.468159624,0.66426742,0.417828327,0.140012426,1
0.279194041,0.590333164,0.315520315,0.542597201,0.388040006,0.235454773,0.694870614,0.424245462,0.790411342,0.404385202,0.580568162,0.487105402,0.445652086,0.347278339,0.535077722,0.474775353,0.508224579,0.398594868,0.382799987,0.473819987,0.361092482,0.393886558,0.292114083,0.418049868,0.452122286,0.253278168,1
0.466046342,0.330040024,0.302691703,0.608272565,0.45522277,0.169610505,0.658879529,0.548960934,0.729074968,0.328019104,0.617700256,0.684042226,0.598134856,0.431588214,0.613062579,0.523332648,0.661591109,0.768874196,0.71340107,0.853657404,0.867301834,0.374203285,0.420052935,0.378497718,0.261912786,0.322203392,1
0.507631335,0.057926531,0.351990093,0.76790009,0.585446893,0.163688579,0.492565624,0.537457358,0.849739231,0.27247841,0.755749297,0.640176157,0.543478437,0.510087447,0.568945387,0.57050067,0.51665492,0.515952665,0.499375385,0.654396868,0.648109768,0.553717604,0.347385459,0.484020796,0.46981572,0.354446146,1
0.49813943,0.774057,0.166221399,0.037171509,0.155316154,0.245622101,0.807861495,0.89057246,0.033308954,0.129668902,0.824295869,0.150804977,0.31649333,0.359025902,0.214792272,0.375130005,0.705341909,0.161971646,0.783140309,0.463941659,0.361320546,0.615740976,0.354250438,0.04421352,0.478583401,0.297710761,1
0.523309871,0.232609821,0.886452419,0.756495263,0.867867583,0.772365419,0.784326225,0,0.781359914,0.27065945,0.592602877,0.633175015,0.347834093,0.526058697,0.433958832,0.408636451,0.520470791,0.485021811,0.516822686,0.450419084,0.78742514,0.633636035,0.358343292,0.541045996,0.345441061,0.187332878,1
0.713781286,0.133045026,0.408566351,0.768186576,0.604644868,0.215985421,0.495173587,0.35424407,0.75310204,0.254454841,0.664001574,0.67453117,0.636695329,0.494498592,0.519304974,0.485692862,0.790743963,0.523724544,0.613845279,0.613893298,0.776765978,0.598322743,0.443021908,0.559009852,0.457800661,0.30719208,1
0.75740808,0.092207492,0.101295189,0.115512861,0.158341003,0.136777606,0.442999223,0.522413775,0.71869095,0.288974062,0.861601589,0.421797169,0.550757704,0.476100364,0.590668771,0.49309211,0.730529511,0.536947474,0.838342726,0.590473325,0.701051487,0.690238162,0.577303539,0.655343632,0.687375127,0.378879502,1
0.57248844,0.160893989,0.55750092,0.740336973,0.671475747,0.412566386,0.540432406,0.264244226,0.529511071,0.203031272,0.461528434,0.441212174,0.43443704,0.222039243,0.509554481,0.305148045,0.477158262,0.428612326,0.518525153,0.499131324,0.542733311,0.444596953,0.352923558,0.301197729,0.274919363,0.184486591,1
0.938271658,0.082823168,0.136298197,0.139229481,0.218729699,0.148702585,0.517540493,0.848104212,0.332002105,0.407452465,0.959150485,0.348829666,0.923235799,0.49948242,0.51522213,0.843027667,0.64891786,0.405003372,0.920702596,0.407236165,0.757149623,0.678524189,0.300863687,0.592843259,0.527113892,0.223430348,1
0.300121919,0.608786484,0.30400779,0.441567004,0.437628573,0.224849384,0.874729361,0.617348788,0.396871084,0.431242999,0.27213362,0.999661384,0.335682273,0.55428316,0.310872516,0.501146682,0.665632829,0.291416164,0.578007264,0.352820192,0.99966503,0.382633409,0.814679733,0.589457694,0.705615972,0.266933777,1
0.510466139,0.116682597,0.568122639,0.704322347,0.657298885,0.479362487,0.500995752,0.231180229,0.586666825,0.198301306,0.490851167,0.517553646,0.368333681,0.437923258,0.406827906,0.392514057,0.835968988,0.474054882,0.406038788,0.490865009,0.726804217,0.504311804,0.404133186,0.399737025,0.439799676,0.253883636,1
0.885464033,0.071596736,0.649189814,0.89402225,0.857405803,0.36973922,0.240682222,0.025627863,0.670043429,0.18935028,0.641990193,0.558250101,0.540055705,0.352674876,0.489563591,0.433271393,0.732326583,0.540680336,0.570319988,0.633442308,0.766771699,0.520385804,0.506033697,0.613725256,0.500895066,0.336599469,1
0.701859906,0.021958643,0.417920371,0.715845694,0.582577685,0.293949359,0.241409728,0.415093632,0.733486366,0.438326286,0.879002996,0.770514282,0.487883561,0.361527487,0.654356586,0.414932522,0.626044519,0.538741198,0.674250277,0.765693876,0.915333994,0.383840619,0.362505641,0.595918604,0.44182259,0.334486776,1
0.379066343,0.1575802,0.376448974,0.592018525,0.490668309,0.251268213,0.602471168,0.422082604,0.548027523,0.225980364,0.334591672,0.452634893,0.210978524,0.335419973,0.422359093,0.442342079,0.430704391,0.223030615,0.182316753,0.481314752,0.293827076,0.065642152,0.237127081,0.192553833,0.339419681,0.407393674,1
0.460130581,0.352137062,0.337574051,0.609358446,0.477817778,0.234854467,0.728085318,0.532431637,0.584852385,0.221600525,0.559001261,0.587163881,0.377412969,0.298820477,0.373251444,0.356821676,0.464303911,0.558481983,0.588085954,0.641666979,0.669150619,0.311282196,0.28719176,0.542240822,0.336380953,0.168555523,1
0.608226881,0.083566237,0.397640865,0.734826307,0.564103779,0.245979039,0.598646001,0.389243454,0.69374816,0.411161938,0.989642716,0.816113947,0.707922139,0.585233657,0.790607073,0.53729849,0.595857155,0.596906461,0.751534853,0.654025222,0.653618562,0.530299077,0.511755305,0.505996803,0.342282279,0.278104119,1
0.497828629,0.123071912,0.432600111,0.646413172,0.540737332,0.350037318,0.556878406,0.415934225,0.479247094,0.087140908,0.527560568,0.511562189,0.506835626,0.440322292,0.254347469,0.22721543,0.467210154,0.239497737,0.503268836,0.453156857,0.615837385,0.390240899,0.275760812,0.329198875,0.224460024,0.166254505,1
0.783801244,0.060199885,0.136283892,0.22927579,0.201859571,0.118081621,0.281915402,0.428144788,0.631888105,0.254511159,0.788115272,0.570320951,0.758026411,0.475987854,0.617320833,0.662983043,0.806275811,0.590471501,0.85119427,0.660361561,0.861616429,0.557930735,0.435689664,0.62403923,0.587655012,0.383450285,1
0.62949044,0.095776685,0.360600685,0.392600953,0.409200411,0.358533527,0.471424653,0.388297009,0.352375571,0.17433335,0.595687907,0.699431216,0.433841492,0.416403394,0.483758962,0.411758341,0.671587333,0.440211184,0.584026147,0.485332281,0.734572115,0.435295018,0.504422352,0.423961396,0.449465363,0.283792728,1
0.418193663,0.710896748,0.249186683,0.374720932,0.336231864,0.168155712,0.75119133,0.270817704,0.687702998,0.376353043,0.652604862,0.722916393,0.602437624,0.512634406,0.538251901,0.619294475,0.688935323,0.665862864,0.560982129,0.690607155,0.601077224,0.673888818,0.347895728,0.548137677,0.375229052,0.314994609,1
0.222751548,0.400508767,0.393892511,0.752598278,0.598310957,0.050831233,0.798285336,0.371549336,0.660653347,0.360321249,0.944486906,0.665621855,0.531856633,0.694379138,0.582694361,0.304015505,0.679476542,0.338505596,0.490175704,0.756767747,0.289948015,0.119054,0.39994284,0.41782744,0.25564243,0.031952116,1
0.295601096,0.199432199,0.203167809,0.166158514,0.253633878,0.197424638,0.598356002,0.870487546,0.074045073,0.482494591,0.223941086,0.517939282,0.895519717,0.184838712,0.759826403,0.287813071,0.69615789,0.706214481,0.466146299,0.815552136,0.905549978,0.676707121,0.450177305,0.465991762,0.538467338,0.1860845,1
0.723312523,0.096307425,1,0.786455093,0.936112765,1,0.544936794,0.022753826,0.963633011,0.205403382,0.488804001,0.841319896,0.56686969,0.603173927,0.376949675,0.650703954,0.683461359,0.553765552,0.740611192,0.788375517,0.591170211,0.859223551,0.388500224,0.558955265,0.36504811,0.379797651,1
0.536408448,0.063445256,0.254471852,0.472884362,0.352371156,0.189815365,0.453511294,0.635032409,0.578298438,0.191022404,0.652119273,0.634856603,0.56999267,0.41851157,0.590927301,0.387414587,0.630394774,0.377233039,0.499464687,0.566351845,0.736557879,0.568006725,0.48141445,0.55946151,0.42547285,0.330867163,1
0.199098987,0.024092961,0.124651927,0.476805898,0.201920474,0.031902698,0.361776356,0.765597961,0.82439758,0.349119746,0.715039294,0.875424603,0.63826364,0.478633884,0.58302419,0.608681503,0.652547781,0.54961147,0.494460275,0.567109163,0.611444349,0.401940236,0.302725343,0.381269292,0.237501829,0.160348472,1
0.331055791,0.12324477,0.429904473,0.691221152,0.607777988,0.277400409,0.516902949,0.367467926,0.657725709,0.132702987,0.443809346,0.650631902,0.316133158,0.277372346,0.421868611,0.581942399,0.422459964,0.28052655,0.379976072,0.335338637,0.579885021,0.075930094,0.143221474,0.198773584,0.173394411,0.161309841,1
0.41449784,0.570073727,0.285345986,0.542183377,0.375230078,0.16268807,0.934784028,0.607240907,0.568427565,0.258903958,0.548836439,0.501921998,0.452907423,0.346952573,0.468113343,0.487040329,0.611159105,0.551872522,0.660262085,0.735260543,0.763949412,0.488341513,0.383981171,0.446854255,0.292144865,0.271348819,1
0.94854032,0.014673785,0.44634026,0.579851447,0.585541631,0.464327822,0.323910143,0.460015655,0.430332301,0.381141909,0.478326738,0.686297009,0.401166313,0.475364802,0.260222948,0.738997798,0.247285636,0.870024014,0.237053328,0.644597802,0.788570275,0.307647033,0.596560519,0.328618674,0.590298751,0.134081719,1
0.57711395,0.487651451,0.310337065,0.462890726,0.382551971,0.259494015,0.880287069,0.566920617,0.371762938,0.268750706,0.377512459,0.644329041,0.414655495,0.445068166,0.273603005,0.550581507,0.546516769,0.548493433,0.239696307,0.461393891,0.511826066,0.436527821,0.128638552,0.455335038,0.192063141,0.140281031,1
0.55268751,0.167103904,0.567639878,0.603043099,0.606891511,0.526645972,0.656663561,0.28169257,0.460980264,0.190996339,0.451432591,0.554967202,0.495953753,0.414244596,0.443528471,0.391483874,0.533962279,0.455572752,0.662768132,0.718746769,0.817119766,0.482788464,0.39218134,0.454691363,0.341402482,0.339422576,1
0.564024119,0.271179887,0.346784794,0.628743197,0.458369424,0.238769971,0.741655352,0.552757699,0.553802374,0.221620982,0.626204603,0.492810009,0.518556253,0.407632491,0.361110234,0.427510597,0.691592111,0.459561975,0.366924397,0.637855712,0.614072085,0.623926575,0.337660742,0.420200238,0.397153237,0.259001558,1
0.462570866,0.162108995,0.372417212,0.627283797,0.492055543,0.239175582,0.57351335,0.441037388,0.493639256,0.25405306,0.799687076,0.736417667,0.507542858,0.497250366,0.825984387,0.514739758,0.858262825,0.562727655,0.64819061,0.780190638,0.830748789,0.522878289,0.47472969,0.585716757,0.394671633,0.482828773,1
0.498695787,0.057690467,0.856317026,0.976802891,1,0.876272269,0.566672909,0.273621414,0.910726775,0.016497994,0.331413224,0.710929177,0.465431119,0,0.804491374,0.394476428,0,0.199269036,0.985367893,0,0.308184608,0.425509285,0.455245973,0,0.182666899,1,1
0.642873201,0.07274453,0.43277159,0.868999141,0.71611087,0.209419922,0.395184344,0.450352621,0.80985395,0.118567193,0.628956414,0.657499966,0.660944727,0.491127597,0.531589881,0.411459568,0.65755714,0.562140679,0.745817806,0.622892464,0.606031555,0.664007853,0.683165626,0.629597041,0.520336354,0.411242034,1
0.459090339,0.054705421,0.430514589,0.728458038,0.60312906,0.292305279,0.507273223,0.421071224,0.670064364,0.261199982,0.798284642,0.637178886,0.524694814,0.38734835,0.472958506,0.533080568,0.670610575,0.632165485,0.653169068,0.655818675,0.725203423,0.672996154,0.555889603,0.466960684,0.34543523,0.303011581,1
0.551249871,0.108287243,0.406732485,0.621102328,0.534944781,0.335970711,0.472645813,0.381521655,0.706197894,0.216021297,0.392440133,0.522675686,0.561041218,0.400891658,0.247201947,0.261839419,0.68999995,0.421686756,0.738883792,0.535144604,0.654100809,0.589586698,0.284926656,0.33811503,0.449422583,0.102376534,1
0.417523818,0.202672799,0.292575182,0.41343851,0.373998484,0.252339027,0.5290979,0.430743198,0.502276487,0.101441314,0.186247673,0.411899636,0.317702598,0.395284185,0.410393586,0.303404238,0.496809455,0.102336142,0.291313879,0.211384205,0.613103444,0.286411132,0.516613787,0.478018186,0.481261832,0.329573014,1
0.511039174,0.047666431,0.391301204,0.761649048,0.591368016,0.205953295,0.471456972,0.495994529,0.771227342,0.231908794,0.678569451,0.666868264,0.504177171,0.384138274,0.585845752,0.351494691,0.511768673,0.31232124,0.345194186,0.418971295,0.459044108,0.275913596,0.236374615,0.373759141,0.20196439,0.199752759,1
0.357796208,0.423742134,0.437947997,0.586461069,0.519617529,0.331828065,0.764822576,0.32069293,0.429233215,0.26195649,0.365868976,0.343747893,0.292825374,0.237483516,0.407894878,0.255584278,0.458741943,0.410841709,0.241948241,0.486863914,0.469801657,0.336839312,0.301012815,0.424098232,0.429992149,0.328007121,1
0.261121233,0.083469258,0.239891495,0.600640518,0.394793471,0.11553438,0.315601089,0.548232376,0.938487921,0.299347274,0.652043558,0.76597326,0.623872913,0.444941846,0.682371812,0.374126357,0.601271822,0.512044164,0.73807011,0.775775033,0.974007285,0.624854875,0.588667534,0.555154766,0.416011369,0.199915241,1
0.409850978,0.375505086,0.365952418,0.453420591,0.426165277,0.319254109,0.775126771,0.429641087,0.232641897,0.202444478,0.292161486,0.690747021,0.423485285,0.387612464,0.464373473,0.562857778,0.487506622,0.393877378,0.331530973,0.795656045,0.399337145,0.538050205,0.299465837,0.733079488,0.305575972,0.46229178,1
0.424045538,0.34530995,0.439687879,0.700341263,0.58635367,0.29936292,0.753524175,0.395238925,0.540162585,0.168013296,0.527531177,0.559679743,0.388655801,0.294908611,0.487723284,0.47113568,0.536121568,0.390379084,0.508365211,0.577735153,0.547996812,0.452958595,0.43395898,0.582352766,0.393150002,0.270524918,1
0.324061487,0.227878407,0.310462832,0.341188755,0.373084939,0.311590755,0.665887399,0.638933559,0.363947288,0.652667312,0.226747972,0.706750584,0.455537447,0.152645725,0.468761354,0.358059589,0.489824952,0.345268077,0.25969157,0.451363714,0.590704506,0.308572264,0.533506453,0.421704847,0.417789312,0.09379092,1
0.32550119,0.336400837,0.447925097,0.600094392,0.542733597,0.331779392,0.791190109,0.324094839,0.364969425,0.148988344,0.167085553,0.206264743,0.345611174,0.207348894,0.276287582,0.507812407,0.226341096,0.332247946,0.05150761,0.566479523,0.619416562,0.371358529,0.58441036,0.714135605,0.252589234,0.227975279,1
0.583900672,0.628184063,0.088943652,0.075673307,0.131239173,0.132413226,0.694615466,0.813916289,0.465582556,0.260194732,0.799342329,0.36254246,0.567029832,0.202805146,0.124846656,0.521093362,0.64578866,0.170298552,0.61123322,0.615754192,0.766776251,0.482195146,0.308463555,0.411575021,0.356539944,0.127589356,1
0.708157637,0.044695634,0.494131388,0.737692073,0.65115445,0.385866334,0.515214811,0.403738472,0.624554081,0.236991451,0.517846905,0.606506377,0.5241128,0.461461275,0.549945227,0.47300546,0.72817985,0.537501777,0.628693704,0.691536618,0.761302955,0.499581452,0.351571461,0.497245174,0.33015766,0.361818994,1
0.544187659,0.134984907,0.514657482,0.907910548,0.794946405,0.323310224,0.602345318,0.436745918,0.950732373,0.085572514,0.549332188,0.723919113,0.712204514,0.346628866,0.685786026,0.860459111,0.455372946,0.468630875,0.948266422,0.555440157,0.824234407,0.66684747,0.472390971,0.501771501,0.218804162,0.541362811,1
0.280846976,0.384919044,0.143718514,0.036218871,0.180726234,0.197435454,0.691304864,1,0.073147241,0.230358279,0.728452586,0.166465474,0.946696587,0.416575872,0.261884321,0.726371508,0.68261584,0.416032237,0.803686542,0.382637914,0.710545336,0.268022596,0.174536964,0.856188688,0.70377672,0.393768251,1
0.41385543,0.214343426,0.321824213,0.288711273,0.386375325,0.339507643,0.671605831,0.752059439,0.119464295,0.709745308,0.351251792,0.771832741,0.861875577,0.273669899,1,0,0.789957739,0.4577311,0.111608359,0.92165936,0.368582711,0.777302468,0.530928613,0.214679478,0.706601513,0.027412587,1
0.368594174,0.669917003,0.180318322,0.085162933,0.181998828,0.225368885,0.790058333,0.69841718,0.093746027,0.197093937,0.608554905,0.508525362,0.60653041,0.251780412,0.614134389,0.479499734,0.766228293,0.487845118,0.65382488,0.780348041,0.702931125,0.697919238,0.597118985,0.570976296,0.636525033,0.38012737,1
0,0.909017335,0.075875892,0.183632786,0.007768514,0.101251448,0.5546628,0.536718971,0.680300523,0.007017715,0.402650317,0.492487901,0.492073892,0.316485348,0.484861432,0.491854809,0.864562657,0.615206633,0.617227462,0.488247069,0.481350827,0.194456937,0.301738777,0.426044371,0.560228966,0.489325118,1
0.696755183,0.22381446,0.247961062,0.538170847,0.362697596,0.140833721,0.579271408,0.408427022,0.851325424,0.391078114,0.820711658,0.898114333,0.767039022,0.523096261,0.628312833,0.657666503,1,0.718381041,0.767627428,0.831718645,0.888278931,0.837198757,0.70939628,0.722836203,0.576950584,0.311237393,1
0.460091032,0.283599381,0.503801654,0.605891497,0.583619803,0.437141035,0.752455902,0.298847975,0.528917617,0.310492472,0.434731726,0.604985187,0.234763376,0.321186067,0.401215756,0.624477393,0.643422834,0.593440271,0.633026565,0.664718017,0.783330937,0.530701297,0.232380207,0.514278029,0.39435055,0.23966478,1
0.502561325,0.59244301,0.414558645,0.668729897,0.535242529,0.316982684,0.730556651,0.42647023,0.570741368,0.05303789,0.47614589,0.536904753,0.527779336,0.369279605,0.406473879,0.309393972,0.499074891,0.403934008,0.513329019,0.601748669,0.595994669,0.42796876,0.38748363,0.460750409,0.425849302,0.28519968,1
0.345360088,0.681550122,0.4649307,0.503460763,0.517019002,0.390165815,0.804980657,0.296448106,0.332937281,0.306329913,0.058989804,0.694742524,0.361632359,0.281477898,0.692997445,0.383102533,0.702470566,0.136445837,0.349376964,0.514385746,0.638921008,0.481561166,0.376709175,0.427086847,0.266626916,0.274518038,1
0.335765941,0.079507525,0.36220172,0.61358681,0.482108055,0.220609392,0.490977915,0.476884569,0.552800855,0.259579536,0.554917988,0.281926377,0.401889122,0.360549506,0.273398994,0.385140401,0.404347516,0.313874161,0.27939052,0.520352152,0.490957576,0.312205496,0.220960238,0.341067695,0.195652384,0.15298698,1
0.501474201,0.269483826,0.75987611,0.830675156,0.860261477,0.659210627,0.730321232,0.12118669,0.664141573,0.212517825,0.600850215,0.558436398,0.24967059,0.243224607,0.386877074,0.658203655,0.459322195,0.236863701,0.546743036,0.672436875,0.569338336,0.337846408,0.267646929,0.496161246,0.331399462,0.173261973,1
0.544635363,0.250239718,0.431297667,0.672542079,0.555123971,0.331622554,0.512290753,0.285552358,0.6443406,0.16960691,0.591201872,0.510242666,0.588249485,0.252787228,0.393127222,0.370463186,0.477468583,0.345565797,0.331536089,0.578953048,0.662579433,0.248856106,0.313253236,0.371861915,0.341768014,0.237699522,1
0.397341301,0.375225405,0.452331227,0.736326438,0.646444619,0.269975016,0.825806281,0.413020882,0.686829079,0.251750178,0.452647599,0.690303836,0.516941678,0.520325704,0.449016816,0.467448774,0.588489141,0.54391211,0.397698606,0.688945457,0.547294547,0.510237559,0.268719819,0.414687863,0.230952364,0.33696842,1
0.663147911,0.053232047,0.554853047,0.694016869,0.636490364,0.498961634,0.314987567,0.321991267,0.571392013,0.170219848,0.552894847,0.528514801,0.41243166,0.224513134,0.428281394,0.418878626,0.449945071,0.117272955,0.41177414,0.384304638,0.307150176,0.180089409,0.271639785,0.447820136,0.332580957,0.334725089,1
0.132094115,0.121151119,0.050193646,0,0.078341544,0.046407364,0.262297794,0.141115461,0.600804656,0.208903053,0.662017124,0.662286824,0.578664671,0.406506912,0.622129247,0.411619741,0.71777915,0.404277405,0.694575137,0.622911442,0.738696351,0.556544361,0.447890613,0.561339297,0.462715388,0.334069755,1
0.652714205,0.010451098,0.379103276,0.647090019,0.511300888,0.274977557,0.330136628,0.487464516,0.55664984,0.210192614,0.536905845,0.573719284,0.503982059,0.347764561,0.470929546,0.403613297,0.448253537,0.390411181,0.335232879,0.51476722,0.501290127,0.300605885,0.271287781,0.389729062,0.199699558,0.186650932,1
0.190073691,0.595731097,0.258513298,0.41148993,0.303195377,0.189263734,0.692707899,0.389975837,0.859995522,0.279676055,0.691008157,0.535248937,0.561636643,0.409909334,0.631228924,0.459577349,0.699841656,0.533541575,0.437410876,0.69379059,0.670583884,0.415084553,0.32949022,0.479076942,0.421200692,0.260688336,1
0.368976686,0.025773539,0.276285036,0.38998253,0.298587051,0.237769462,0.340489566,0.552394554,0.279898316,0.132286224,0.456235224,0.525758267,0.561892409,0.452290917,0.56210375,0.333396394,0.753082694,0.557141393,0.739068005,0.604240604,0.583085499,0.742592285,0.592542269,0.624245236,0.506843754,0.306570616,1
0.306680417,0.262735746,0.450356015,0.648990876,0.58601532,0.314321873,0.748163273,0.339609487,0.559808606,0.28356708,0.580417755,0.536387477,0.219063741,0.47515461,0.567452798,0.473144514,0.589573757,0.537783984,0.3873704,0.474134096,0.763713092,0.543983318,0.4446931,0.51077264,0.349623146,0.252575294,1
0.511247623,0.162534575,0.42008305,0.751121059,0.655336455,0.27572929,0.683219796,0.394006367,0.594313159,0.304449694,0.825737585,0.718378933,0.668458528,0.59204407,0.630084224,0.753020309,0.716257566,0.695906822,0.520767945,0.95154723,0.76926675,0.691697194,0.481646785,1,0.488432363,0.357411503,1
0.483002962,0.099780409,0.198902779,0.241704325,0.283185362,0.205261053,0.580156937,0.818830953,0.307549061,0.511374718,0.371262461,0.63291189,0.692085876,0.407391377,0.836884326,0.23812919,0.911914079,0.603132552,0.653132528,0.794409025,0.870487149,0.537532144,0.471414358,0.65959102,0.364127498,0.284005742,1
0.693126942,0.036342214,0.493537932,0.750072749,0.658422206,0.373351867,0.437332718,0.401002721,0.698999793,0.278751926,0.682973537,0.718676286,0.602716772,0.464782142,0.564929229,0.628497669,0.630160371,0.781288893,0.764146089,0.638418852,0.616499046,0.599191953,0.353753027,0.51706597,0.372830265,0.356568252,1
0.379290331,1,0.655410372,0.76132388,0.773589757,0.459465891,0.923846896,0.11717603,0.606067108,0.202275449,0.432575494,0.564683154,0.52057609,0.455104473,0.613835904,0.64408558,0.731859712,0.596363638,0.707817944,0.79204313,0.846085084,0.629103748,0.439076267,0.619893145,0.428092144,0.413712159,1
0.653595053,0.155073034,0.61262024,0.753548455,0.70997997,0.525050566,0.439373177,0.222273172,0.642477221,0.197313243,0.637573934,0.462551062,0.440617073,0.338898408,0.341366946,0.513246181,0.4257691,0.310333974,0.589020848,0.605301868,0.707999423,0.677744105,0.450298575,0.533302172,0.51236036,0.317111302,1
0.736614877,0.050988075,0.187980224,0.307436782,0.259318157,0.176089474,0.54271921,0.815488152,0.388992538,0.379602297,0.331577203,0.928667341,0.375683105,0.547347544,0.64178012,0.410822622,0.859204329,0.418952483,0.993221968,0.396596374,0.98488437,0.200009399,0.499020055,0.639768474,0.53835157,0.490599046,1
0.41754957,0.285094272,0.152433522,0.08060721,0.172240418,0.20474187,0.586092265,0.74767466,0.415940912,0.356183296,0.867335556,0.124506349,0.589753463,0.394488669,0.266673652,0.403215983,0.532246153,0.234368308,0.734851648,0.517948676,0.633739928,0.492449226,0.283772109,0.385112676,0.377919868,0.109216435,1
0.450962951,0.165460326,0.375852917,0.397223204,0.43763534,0.350215785,0.549932134,0.384447762,0.396487173,0.436330551,0.654693246,0.631405728,0.44846243,0.342470229,0.448847932,0.429532182,0.399679258,0.472746615,0.547558872,0.50250083,0.919545696,0.253263969,0.445205479,0.342341706,0.348318286,0.077404589,1
0.964048436,0,0.767470933,1,0.936559387,0.491449711,0,0.187159619,0.924036756,0.306824357,0.741228458,0.777586481,0.605865119,0.504030536,0.548122304,0.501998152,0.656050612,0.494410391,0.648613684,0.644619353,0.820289882,0.61061998,0.510116069,0.625752376,0.493229612,0.401725478,1
0.376504256,0.543684563,0.154736604,0.025432943,0.156473311,0.237271911,0.786208323,0.969102308,0.094026191,0.304871695,0.880601476,0.057813355,0.585407114,0.360013068,0.281387806,0.392297006,0.626150278,0.196987356,0.374518721,0.610709439,0.634043929,0.264251878,0.519234722,0.418594628,0.450927118,0.368915032,1
0.491358629,0.041795534,0.469383042,0.775061098,0.634663274,0.326668686,0.332327971,0.354730947,0.762054391,0.217579322,0.642237773,0.38182085,0.419163949,0.321519205,0.423129612,0.31750283,0.563606675,0.414695591,0.587821155,0.587982145,0.63989638,0.464623252,0.399799312,0.512744202,0.372530295,0.254301841,1
0.648449367,0.069782312,0.582309115,0.762450835,0.730524578,0.501844182,0.359368237,0.216681475,0.623039102,0.165733043,0.496005659,0.376329097,0.422218403,0.369437606,0.571386802,0.472763931,0.48764899,0.270750966,0.528872688,0.460024459,0.794335513,0.469649378,0.106220953,0.364636963,0.404409077,0.192938097,1
0.478695043,0.037661606,0.323444908,0.448297108,0.378904558,0.2501325,0.283116929,0.396196489,0.588569681,0.351101176,0.575688218,0.516984167,0.524305523,0.198572471,0.618725037,0.522446884,0.570015045,0.158147967,0.526604642,0.399486692,0.536477719,0.234043999,0.256850241,0.168070956,0.345515017,0.036902659,1
0.445647061,0.230690662,0.624339928,0.57601877,0.633472282,0.631802106,0.671823524,0.212552965,0.483217072,0.266973458,0,0.756417939,0.155514197,0.333014534,0.368695682,0.177803767,0.356788298,0.174530436,0.229893226,0.446241777,0.405625208,0.458369511,0.359753749,0.280942919,0.663716829,0.2368462,1
0.224323427,0.170644485,0.393808334,0.499543708,0.489754764,0.299757716,0.564668675,0.198663573,0.436655982,0.034179066,0.427374755,0.605832922,0.487955063,0.444548754,0.719162843,0.32167867,0.726275403,0.550126403,0.615094493,0.738621628,0.641921603,0.569646651,0.580903747,0.429986259,0.448438961,0.261524385,1
0.269012953,0.720713021,0.497627248,0.682936816,0.631130901,0.322115022,0.866861817,0.197253024,0.384344582,0.107321151,0.670306282,0.496341928,0.220044547,0.251703769,0.43193069,0.248937037,0.366204364,0.306498171,0.646384344,0.548018533,0.442411609,0.17060697,0.434826794,0.23959089,0.481172473,0.193692116,1
0.610650217,0.77985654,0.307353554,0.569116816,0.423262235,0.207732578,1,0.581814138,0.599587309,0.341400545,0.593162948,0.680574238,0.603624007,0.588812082,0.65966553,0.512076251,0.66079197,0.719147124,0.91515581,0.807224513,0.827178236,0.554441881,0.3372564,0.562434018,0.435262852,0.443440792,1
0.466649311,0.468325567,0.357220463,0.426467423,0.43695864,0.309470759,0.796086082,0.559575795,0.311827159,0.352506962,0.091362057,0.699334881,0.175291703,0.555409312,0.210993932,0.483559027,0.576620335,0.289846377,0.550256503,0.315858544,0.850233974,0.110876463,0.530387028,0.14011445,0.568316266,0.187884054,1
0.821744739,0.09030726,0.753671958,0.867258273,0.884548235,0.695228927,0.347563424,0.101503559,0.701818284,0.216368546,0.565503137,0.522618884,0.42181212,0.368947128,0.442176586,0.483328496,0.676165903,0.515603781,0.423227505,0.566591049,0.742060347,0.629737528,0.375452763,0.548025487,0.411208455,0.23742608,1
0.770834083,0.028013853,0.686820779,0.909869619,0.858874242,0.493137054,0.211232583,0.218435801,0.827189385,0.276281261,0.628942204,0.756908143,0.611111625,0.418844045,0.484673743,0.550572387,0.603958627,0.499451623,0.616784401,0.56233461,0.750531547,0.437976627,0.416289399,0.53807358,0.386049725,0.359307296,1
0.246479244,0.878882851,0.332820257,0.568151979,0.458396492,0.189885673,0.936225605,0.479103644,0.59200665,0.281855201,0.400851036,0.646061157,0.408062899,0.417229257,0.253703562,0.348097523,0.578752214,0.290534742,0.448278944,0.503442618,0.617122278,0.415441771,0.20522286,0.214262336,0.251477563,0.093064415,1
0.420200859,0.575789207,0.252492069,0.365789386,0.336062689,0.214471138,0.820718037,0.666040534,0.374829826,0.357251499,0.398875344,1,0.268269514,0.417941979,0.359800436,0.456579621,0.631027613,0.311405368,0.545591119,0.51652289,0.810663043,0.382251059,0.561063025,0.405925852,0.704686808,0.075231503,1
0.540693169,0.191150271,0.652975705,0.768640982,0.75809333,0.578510162,0.573870253,0.16169419,0.516989248,0.16409497,0.551862694,0.415954574,0.44511785,0.372766795,0.440842737,0.492938236,0.503843043,0.319773189,0.427188847,0.525539859,0.618469501,0.225150007,0.36600227,0.452086115,0.279613467,0.35726889,1
0.347264119,0.154989238,0.299777136,0.533002236,0.42656453,0.196386272,0.611648771,0.454574353,0.704593607,0.247625955,0.624537368,0.658312491,0.457834884,0.388079807,0.536304752,0.364710521,0.407575117,0.500065168,0.409014316,0.537408383,0.632604342,0.627569564,0.247725588,0.439961898,0.450907816,0.246131089,1
0.33235343,0.268100316,0.245229353,0.195080706,0.293904288,0.276513472,0.60522085,0.72590767,0.027004525,0.364879725,0.424368067,0.558471525,0.98169227,0.240951703,0.794517477,0.386542895,0.592139143,1,0.423533918,1,1,0.296201657,1,0.438439929,0.312214639,0.438694612,1
0.358241632,0.405763653,0.219162319,0.127189361,0.223297423,0.271527156,0.766426565,0.824873524,0,0.391375949,0.569582253,0.593921728,0.514309565,0.184299649,0.920931136,0.15674224,0.767039172,0.781264572,0.464449906,0.874323162,0.552901633,0.711929791,0.630417276,0.323802498,0.712602132,0.168704133,1
0.428392463,0.281800543,0.115798346,0.1539772,0.158334236,0.112516631,0.61078712,0.675902553,0.587581725,0.238868901,0.486319197,0.406420123,0.614496683,0.252698932,0.481362884,0.466519934,0.624816482,0.583617302,0.495663784,0.465564888,0.81923673,0.556934979,0.577472585,0.50595593,0.299454016,0.214781495,1
0.321471641,0.535368884,0.362698927,0.483812297,0.431139021,0.279455509,0.788661881,0.401315431,0.356186601,0.176911748,0.332247572,0.357206308,0.105590897,0.422561226,0.283413696,0.360789324,0.416025048,0.439700873,0.272501807,0.939065248,0.770975281,0.474464745,0.637963056,0.807373477,0.509029824,0.25396633,1
0.328027204,0.545098877,0.119976562,0.002013461,0.12948652,0.178988244,0.723428068,0.948970605,0.12250991,0.120778844,0.727092906,0,0.554647872,0.397135065,0.217299526,0.531175387,0.686757598,0.121795649,0.601260375,0.50110574,0.618898864,0.488870514,0.324182762,0.53736544,0.45006517,0.09176954,1
0.62294031,0.250788673,0.252034326,0.219199415,0.30625406,0.292873135,0.693316357,0.743182426,0.223564856,0.510342743,0.428820531,0.505871673,0.767281218,0.216901599,0.71958256,0.256537081,0.721976317,0.47224653,0.218300262,0.805332409,0.545865195,0.397336102,0.444138752,0.26729546,0.529145225,0.096484453,1
0.40532168,0.197279754,0.72894633,0.83175092,0.824152772,0.813348403,0.606488848,0.181814607,0.654160231,0.152329869,0.518787256,0.432468828,0.214496757,0.331751657,0.122766616,0.464087727,0.240737587,0.424181969,0.149206411,0.618513015,0.453430919,0.212946696,0.243274105,0.361943692,0.231485589,0.082719972,1
0.420024299,0.233318045,0.380292548,0.673445719,0.531818428,0.24530302,0.728238517,0.501795685,0.70028737,0.151369329,0.353524361,0.543031829,0.47480531,0.44113316,0.449222293,0.487378039,0.740688948,0.27413464,0.572198454,0.579799348,0.647569264,0.310448622,0.295264125,0.485728006,0.198101811,0.188201604,1
0.756263532,0.04814235,0.764084072,0.938699599,0.942947434,0.676138147,0.465848688,0.177133129,0.722838614,0.171866225,0.500942178,0.386309897,0.468645151,0.304643764,0.450462051,0.289672406,0.503631921,0.289362362,0.288536791,0.453631727,0.539418217,0.243863012,0.249065734,0.311458944,0.245682989,0.253572651,1
0.420513835,0.310159131,0.536105529,0.763326702,0.696967031,0.398618758,0.792446505,0.279545146,0.490178371,0.130315768,0.706839756,0.347639608,0.461392349,0.264430107,0.122613947,0.368365395,0.399921422,0.308112179,0.35410279,0.448996848,0.654244757,0.422228175,0.025531959,0.415123629,0.084978123,0.201671851,1
0.540520466,0.035223702,0.532864402,0.777488404,0.680766836,0.420732698,0.36262672,0.31995461,0.607609109,0.180747092,0.56762357,0.498163356,0.472153582,0.274588662,0.417111121,0.283217583,0.460244724,0.267006267,0.416914934,0.624775915,0.533256041,0.409860465,0.217606151,0.431444402,0.338719295,0.285518434,1
0.44397294,0.24510406,0.434926131,0.66138063,0.562283456,0.304068013,0.721374344,0.409161895,0.670584921,0.332219343,0.625123058,0.651828244,0.450590605,0.397140825,0.338535131,0.342851196,0.58840056,0.408817281,0.506897749,0.513280138,0.533284804,0.528451916,0.421250355,0.544774488,0.615082648,0.3391692,1
0.651484038,0.105595586,0.229124871,0.501909817,0.339818374,0.140590355,0.394877365,0.588829617,0.739075667,0.239459603,0.714273522,0.698865971,0.680051087,0.389052705,0.499454535,0.378333984,0.64184216,0.541155736,0.68563799,0.536060002,0.715922738,0.488528214,0.50693404,0.511667528,0.407246524,0.318768438,1
0.586915677,0.093406705,0.64386209,0.696158977,0.764697921,0.629633437,0.58016451,0.327999614,0.370929993,0.272788174,0.531990867,0.910172611,0,1,0,1,0.532472062,0.6884016,0.722771009,0.860773885,0.710080164,0.79044555,0.664706174,0.404701608,1,0.226673569,1
0.225019131,0.198117392,0.360678483,0.553620567,0.439881984,0.251646783,0.653710826,0.376743754,0.387577637,0.164519719,0.498425681,0.310013983,0.207216968,0.260801203,0.222195739,0.502030994,0.654117137,0.589823518,0.87177917,0.515341028,0.494064055,0,0,0.552604915,0.118234433,0.086768088,1
0.69095443,0.084098016,0.443205655,0.663889912,0.558737549,0.373627681,0.462505888,0.476652316,0.531064762,0.201172619,0.637272828,0.539512681,0.617425145,0.466293456,0.65566935,0.424989582,0.569288256,0.736610312,0.562249984,0.522946641,0.854929865,0.416189888,0.34159997,0.70580079,0.534281157,0.226120968,1
0.411755064,0.152312737,0.520146955,0.840030444,0.757930922,0.340886722,0.615113562,0.368905561,0.684400025,0.212128826,0.715281735,0.567531212,0.42519808,0.366062173,0.421674365,0.521182667,0.599642957,0.298516327,0.546657482,0.801001911,0.673417154,0.503253347,0.416868658,0.427808458,0.276157494,0.261992864,1
0.348206409,0.089654788,0.288526438,0.613149995,0.442521113,0.14394341,0.415402209,0.538447434,0.712315942,0.262444594,0.590677419,0.604691128,0.431963273,0.423992753,0.765898504,0.309547512,0.398471079,0.438067064,0.333592814,0.699586219,0.972763829,0.568265775,0.693049083,0.75587029,0.336046575,0.365360113,1
0.179777703,0.116120402,0.386262326,0.665811028,0.499174426,0.248336994,0.508175345,0.407161285,0.452272873,0.099196197,0.54471089,0.300718386,0.67526468,0.431706876,0.382573627,0.119314922,0.547779629,0.049377044,0,0.381955309,0,0.305904734,0.357412352,0.818367446,0.707668064,0.284376428,1
0.596292898,0.156627808,0.631188477,0.719107691,0.71011531,0.622500081,0.662618111,0.282235664,0.659734659,0.155965528,0.390340231,0.77870395,0.378410327,0.485638392,0.190574247,0.575963601,0.60670582,0.453738067,0.586929661,0.600587328,0.742851246,0.45776501,0.3126832,0.446861259,0.251819816,0.119240826,1
0.321340714,0.076330604,0.430076265,0.575835373,0.507991825,0.326306341,0.535981513,0.346678448,0.51448753,0.184694019,0.39401089,0.459405223,0.39970318,0.267665204,0.40603875,0.396133614,0.343544968,0.466399707,0.375854005,0.635164808,0.914481341,0.542375695,0.449280798,0.514664499,0.330562538,0.429340981,1
0.325490978,0.08366182,0.40049023,0.894526328,0.728859896,0.160800624,0.340075984,0.28586996,0.906495291,0.294298123,0.928167359,0.754562727,0.690858601,0.466888957,0.595926506,0.422974251,0.668135551,0.413210513,0.588581995,0.611678219,0.710584473,0.536863881,0.315178419,0.380667811,0.29948327,0.158804756,1
0.214783608,0.24609332,0.085487001,0.04964769,0.122672152,0.128962825,0.580609011,0.888057176,0.4894484,0.35316993,0.674850475,0.057015046,0.752123497,0.534758638,0.666876128,0.745804582,0.470829532,0.34067164,0.821652953,0.369967941,0.93713604,0.981793038,0.461470115,0.805181365,0.796630289,0.390768362,1
0.313268575,0.144188733,0.222606955,0.532441503,0.318921882,0.121212942,0.632173664,0.644581051,0.782980367,0.341869205,0.555880368,0.52238858,0.475106412,0.353187579,0.28920994,0.343967703,0.572941692,0.288064439,0.458599759,0.380695082,0.532506878,0.382237928,0.315277444,0.428184084,0.33446884,0.353724481,1
0.453661667,0.226015597,0.4294022,0.752243424,0.607507308,0.258547586,0.64690678,0.397710445,0.700057469,0.100292697,0.505495518,0.443403794,0.575479538,0.460561204,0.535068072,0.394333647,0.667546546,0.449652898,0.313039601,0.609326234,0.844325255,0.446690679,0.501493867,0.684578415,0.514475748,0.51850501,1
0.410242944,0.569072304,0.302835961,0.287104099,0.358962213,0.293565379,0.760448306,0.484484415,0.151578913,0.266402702,0.237333983,0.433050513,0.340289568,0.225236403,0.601418446,0.310029944,0.744860689,0.094785325,0.681172337,0.550357529,0.658613527,0.673734184,0.230364532,0.846644139,0.370307724,0.434226132,1
0.445732354,0.039233427,0.261023959,0.684559958,0.405864281,0.111305204,0.469951795,0.608858847,0.842495607,0.281927768,0.78998192,0.701487829,0.704156052,0.37304027,0.367562481,0.329251811,0.592735175,0.332927742,0.324545434,0.441432043,0.473857883,0.147047974,0.105806843,0.370563321,0.218393626,0.161954467,1
0.664203799,0.006781103,0.321259569,0.682012753,0.478426808,0.183482419,0.226140895,0.515140381,0.742535488,0.351114617,0.798569213,0.814259449,0.681046966,0.461456305,0.70806686,0.629906079,0.603851181,0.417768524,0.539660237,0.624647637,0.640923059,0.374984421,0.293698833,0.562542508,0.418129974,0.318232258,1
0.82488665,0.075096386,0.614866794,0.830402392,0.764467843,0.46333272,0.299469736,0.294589773,0.675276068,0.175578515,0.705616768,0.757112419,0.536486567,0.534024989,0.56183128,0.517607708,0.69717802,0.518794027,0.663095025,0.663991515,0.750513175,0.509811042,0.540341835,0.242030632,0.511349171,0.283472834,1
0.643251529,0.096791,0.332052189,0.716057072,0.545480998,0.130001191,0.519163753,0.562559187,0.677452136,0.225702034,0.836072749,0.714006378,0.603323684,0.52226334,0.720290105,0.554472106,0.7311584,0.616690096,0.774806979,0.86129832,0.719455404,0.814544069,0.516517057,0.633236939,0.505724124,0.366030781,1
0.695870316,0.104109469,0.655427139,0.870314706,0.833646871,0.504780807,0.436530156,0.192965668,0.631795002,0.151898873,0.583671274,0.502142553,0.564683566,0.45563404,0.520509002,0.482136991,0.672125558,0.381759373,0.297279897,0.402745793,0.68847528,0.418539758,0.350255229,0.304346765,0.26608416,0.197082421,1
0.602675867,0.077113756,0.516172333,0.368882615,0.472038761,0.378516653,0.357219631,0.068815655,0.640944356,1,0.251977915,0.589486972,1,0.430794023,0.91642934,0.314057149,0.919292424,0.760628351,0.784827441,0.739157926,0.757248787,1,0.46742776,0.547015552,0.664330086,0.339051592,1
0.403546785,0.20517739,0.384581848,0.515107306,0.484232893,0.32656593,0.709731172,0.483344456,0.365869158,0.198500424,0.308557872,0.756106939,0.375097711,0.526691801,0.276738616,0.850527638,0.556914133,0.691367584,0.41112882,0.737263627,0.690437069,0.578586732,0.285289111,0.625196137,0.434200987,0.420565541,1
0.627944965,0.030271935,0.720916353,0.826979186,0.798999838,0.62631283,0.441423187,0.237471887,0.868161837,0.233803184,0.548701805,0.889843256,0.401779293,0.531186384,0.416213465,0.538867299,0.782838448,0.589180828,0.678335413,0.635358293,0.795902288,0.547801772,0.451393457,0.588414096,0.371193568,0.279606549,1
0.857052318,0.067436614,0,0.269916761,0,0,0.263449203,0.821920776,1,0.413761037,1,0.876308037,0.749243471,0.529213719,0.718680977,0.547746919,0.769034091,0.66146061,0.855077622,0.647323893,0.841590014,0.634012994,0.47159772,0.555720118,0.432501683,0.324909558,1
0.441552101,0.52578826,0.584016736,0.70988549,0.68628194,0.507998658,0.834113044,0.195043399,0.435149456,0.116148959,0.516246189,0.376836913,0.315082999,0.31340398,0.350239252,0.542566078,0.637296076,0.602785577,0.602168295,0.606741998,0.805477386,0.211876171,0.2865989,0.673078159,0.21876771,0.281305207,1
0.410950491,0.455978169,0.390583532,0.549119909,0.495439043,0.292662217,0.869048397,0.444415236,0.377913203,0.280377849,0.454890199,0.618876256,0.279802225,0.475034304,0.284985343,0.575656454,0.28114161,0.237293823,0.447477837,0.74849589,0.615321162,0.57634122,0.153603788,0.71279951,0.117441462,0.249888387,1
0.477778503,0.688677324,0.0861919,0.048768508,0.139163328,0.114647443,0.756970781,0.961028082,0.34905199,0.319589739,0.987236726,0.132396206,0.553692445,0.495165201,0.273644752,0.404088528,0.722215472,0.174710713,0.578899348,0.570892261,0.560272442,0.486745634,0.421338218,0.405808949,0.481104127,0.26150335,1
0.434423668,0.155564018,0.162437988,0.153533296,0.209093493,0.172920296,0.543907761,0.804003879,0.303962963,0.208151117,0.870978219,0.139213609,0.58299333,0.354337906,0.075865712,0.344954816,0.566819082,0,0.694069704,0.628995949,0.604471702,0.779901281,0.355870949,0.151234563,0.525476091,0.224334894,1
0.52418371,0.261887823,0.393028227,0.56707437,0.48593141,0.341838557,0.630698779,0.444622181,0.425363983,0.235192993,0.681512866,0.246879637,0.297190379,0.399600613,0.34091258,0.417674129,0.504418254,0.448704851,0.241459979,0.577203893,0.374710488,0.583753504,0.378078008,0.639178328,0.56104667,0.639594443,1
0.464943898,0.182562467,0.697387697,0.686940044,0.757145951,0.649173094,0.71364712,0.162476075,0.563737272,0.243241133,0.462560496,0.51117728,0.267767466,0.606219781,0.237433034,0.494855183,0.692238348,0.583927133,0.553567865,0.718942917,0.902235023,0.514166037,0.538439419,0.77003347,0.44484804,0.458122742,1
0.614811672,0.020109967,0.183281716,0.578477252,0.315612819,0.066796104,0.196018354,0.673692106,0.915792942,0.345927203,0.766550951,0.764214457,0.643325422,0.514891452,0.634253261,0.544851464,0.674003642,0.468455502,0.579658004,0.672427881,0.81996263,0.596777036,0.424040315,0.564090701,0.32791412,0.281082338,1
0.445845027,0.214792799,0.420118521,0.686824006,0.567791793,0.243112716,0.595814267,0.477902131,0.64406187,0.258513074,0.677587742,0.749556128,0.626538577,0.355997002,0.561162565,0.53058342,0.545647075,0.380702207,0.429360441,0.517502834,0.571042051,0.360854593,0.316951857,0.362783085,0.235227668,0.293775329,1
1,0.242134265,0.514966555,0.760068889,0.705270138,0.380825933,0.936034829,0.380751912,0.638773956,0.301188215,0.606660034,0.64027066,0.517591072,0.489457216,0.530172114,0.586013078,0.586761553,0.518536886,0.425893868,0.646133645,0.597149951,0.562358675,0.378394698,0.565166889,0.348973192,0.299028872,1
0.490712199,0.181794115,0.53363785,0.653594697,0.601748592,0.482899419,0.638137065,0.321760194,0.671636534,0.286682122,0.371133147,0.501584297,0.263726665,0.451711643,0.297828374,0.285803116,0.659880362,0.484689882,0.68356097,0.539115651,0.614853807,0.582518771,0.080660386,0.14645753,0.221989952,0.173928757,1
0.508352625,0.429628165,0.496354828,0.565682763,0.549514129,0.491611956,0.875949363,0.338350355,0.339102371,0.277465412,0.61716601,0.384322446,0.485416685,0.497438817,0.087131573,0.758851475,0.544118095,0.550748886,0.397461058,0.70163452,0.611755914,0.385802269,0.297472078,0.505432063,0.506452365,0.282076285,1
0.41723276,0.292384357,0.346995867,0.373460678,0.39465675,0.379332454,0.575217928,0.394703382,0.481115704,0.419285473,0.373550849,0.650335047,0.295708804,0.372852733,0.391653317,0.436291191,0.592463388,0.185214083,0.781449363,0.290920243,0.832853699,0.12606108,0.29167929,0.450494068,0.464054101,0.068593698,0
0.396156278,0.113677373,0.217446102,0.413618487,0.327827019,0.247935154,0.327378061,0.27137975,0.710404206,0.219105672,0.705069291,0.621772462,0.546357826,0.402930631,0.57378742,0.414662582,0.691533078,0.396580666,0.558847043,0.525522304,0.677063706,0.364260825,0.393040919,0.417180135,0.380231296,0.212017537,0
0.449810519,0.310532455,0.394994,0.360712936,0.420750331,0.500439105,0.522138762,0.309954581,0.346114652,0.396210913,0.381053158,0.764784145,0.422751728,0.420653357,0.44238188,0.31737804,0.661750621,0.169986945,0.760980236,0.330401344,0.709823914,0.248610949,0.31092802,0.375043208,0.514784079,0.192177007,0
0.533044474,0.144664267,0.429532532,0.453198684,0.484219401,0.61873443,0.387737556,0.220065378,0.344302627,0.371865842,0.52098446,0.943711537,0.603841725,0.417159832,0.409819018,0.343362472,0.647708336,0.147083288,0.688927136,0.301416836,0.598519824,0.236751506,0.247287077,0.258699237,0.325607343,0.243801862,0
0.481847195,0.133453906,0.232847497,0.37666093,0.320256327,0.219791989,0.377103231,0.335177965,0.687318116,0.235859677,0.576122893,0.623602056,0.480704682,0.340321552,0.408446487,0.406549687,0.766804622,0.323968107,0.560906423,0.479155849,0.790824193,0.371922985,0.320121581,0.386119398,0.327620604,0.153558595,0
0.353227629,0.112667308,0.226729276,0.411822082,0.327509398,0.274003655,0.323544589,0.267029087,0.718013367,0.205816733,0.721648099,0.634922971,0.529708619,0.406034668,0.562339975,0.397727557,0.713233955,0.396250479,0.553306784,0.536483297,0.691580715,0.375377815,0.416721123,0.444550425,0.369409302,0.227994437,0
0.485506974,0.156800501,0.250073491,0.389724796,0.346637562,0.225170891,0.39385808,0.387876676,0.654968609,0.275356064,0.458683142,0.627514415,0.421183541,0.382368648,0.398886588,0.344230433,0.766760082,0.352733952,0.628520508,0.425612939,0.772600698,0.268644281,0.357177298,0.367569523,0.345358281,0.197968544,0
0.459288666,0.151217743,0.322013229,0.433735357,0.407834477,0.311646979,0.412970501,0.255714601,0.628475907,0.352016932,0.39676839,0.577769056,0.447821351,0.378069014,0.449233264,0.363999991,0.594342307,0.320130765,0.735803419,0.43257227,0.794728643,0.229774973,0.340693505,0.392991814,0.322881905,0.168852419,0
0.46410913,0.115265004,0.312667447,0.447960596,0.408765931,0.294204628,0.358882472,0.217090454,0.672598051,0.320969714,0.400811683,0.571236475,0.502610079,0.379181999,0.477138686,0.318332524,0.597650803,0.368638817,0.705732411,0.483009977,0.762535892,0.271452502,0.368310786,0.371371871,0.309625138,0.210305204,0
0.3571077,0.113599362,0.208877155,0.415197162,0.319577582,0.253797599,0.323311311,0.254839096,0.716271957,0.19931156,0.742836165,0.623654622,0.560012331,0.415768829,0.581322731,0.410708542,0.707102311,0.432036152,0.56403004,0.549200036,0.683707718,0.393096271,0.424543299,0.429000406,0.362388633,0.225954606,0
0.448779946,0.229384032,0.179017795,0.222448382,0.216150569,0.269844343,0.514502281,0.585002047,0.481624846,0.099353685,0.612791873,0.627009352,0.365745276,0.258704007,0.460152157,0.347965451,0.622072835,0.296354268,0.72399748,0.504517953,0.610326435,0.489394973,0.432444289,0.442700655,0.348658488,0.20889976,0
0.481734126,0.170754781,0.274309489,0.403567924,0.374308556,0.248776788,0.406549488,0.400244271,0.623178326,0.306371139,0.360298134,0.61502587,0.389043652,0.40620051,0.414542537,0.288474359,0.71439335,0.376186824,0.706117645,0.401473638,0.745213717,0.201235443,0.395616132,0.359100459,0.35242555,0.237747482,0
0.388330721,0.117734186,0.233528791,0.345333783,0.30799117,0.228127217,0.423948329,0.433687327,0.61308545,0.21716117,0.5338074,0.659861969,0.479311283,0.364627961,0.442873291,0.336995017,0.72414185,0.351169188,0.759562589,0.558339925,0.730820984,0.382696925,0.32799788,0.377045162,0.216617558,0.145386953,0
0.327137026,0.186477163,0.239938261,0.313674148,0.2986372,0.247345903,0.540970882,0.566844308,0.532371198,0.215053425,0.510446461,0.785041167,0.44035262,0.371313391,0.449481793,0.303445877,0.696141252,0.308667429,0.882968176,0.586080481,0.68953109,0.460301218,0.312061309,0.384719697,0.163042343,0.199388181,0
0.397366372,0.268306841,0.283523563,0.372463119,0.352423177,0.286730039,0.579422642,0.49981509,0.562135623,0.263902964,0.520025852,0.900957759,0.425351411,0.340054408,0.373279275,0.338659931,0.671890146,0.215871026,0.706553699,0.476042019,0.715555359,0.451596069,0.283682494,0.336032603,0.199113553,0.240067991,0
0.466057151,0.243982014,0.175424523,0.217508407,0.211309874,0.272414842,0.519326479,0.585900395,0.480847327,0.094237155,0.624496771,0.6254779,0.355749899,0.247326545,0.455662548,0.35910824,0.620814275,0.285239434,0.693459623,0.488319141,0.610071658,0.499468972,0.43749569,0.449372676,0.374510184,0.217923836,0
0.398085768,0.114135983,0.302315489,0.38890108,0.360023873,0.326493635,0.34345462,0.336483292,0.719015411,0.251361955,0.568958998,0.674254529,0.39282613,0.341255898,0.415220915,0.352652928,0.767460019,0.223155116,0.509274076,0.459421188,0.775117989,0.298435663,0.336286735,0.476210985,0.376285235,0.1992006,0
0.507070757,0.163012772,0.409083473,0.40831689,0.450863014,0.604627395,0.397607752,0.262788059,0.325256124,0.388282853,0.486727951,0.861441021,0.562790001,0.445160309,0.46808569,0.361825105,0.697864413,0.169592087,0.739196034,0.305540747,0.634637219,0.232515189,0.25515376,0.355373789,0.484350158,0.234297995,0
0.483042083,0.199011042,0.273367344,0.388260463,0.368310288,0.252843755,0.442789008,0.45232451,0.588519004,0.320476486,0.352128028,0.628725756,0.341839788,0.411094766,0.389096527,0.307356128,0.734216967,0.350691058,0.722136189,0.359593926,0.75758685,0.167177558,0.384936635,0.367805763,0.367779648,0.221598775,0
0.406441443,0.348021531,0.312957913,0.441165236,0.403091717,0.281911297,0.562532239,0.343155327,0.614734195,0.294561305,0.401869882,0.897796934,0.445879914,0.328514106,0.270970684,0.121223764,0.256464371,0.112107188,0.677708052,0.337097786,0.62837096,0.25145496,0.119953028,0.201527493,0.296694214,0.032740493,0
0.464121254,0.115887627,0.307482821,0.445169102,0.403929087,0.285986852,0.359431635,0.222245249,0.678555806,0.31641415,0.408301289,0.570405479,0.500483904,0.376598314,0.473320659,0.322536179,0.605723599,0.368761638,0.697095683,0.484702434,0.766590264,0.276280532,0.366822354,0.372324117,0.309013558,0.206343718,0
0.465704065,0.115405001,0.309597748,0.446980746,0.406647835,0.287991135,0.358689368,0.220723567,0.677351275,0.319541699,0.403721043,0.568799824,0.500682663,0.377352141,0.47902788,0.320941858,0.597082757,0.36765189,0.700393365,0.483454918,0.761085628,0.270936325,0.366969263,0.371802809,0.312385372,0.207996472,0
0.460614999,0.115403941,0.30892177,0.447393862,0.405940339,0.289044651,0.358297337,0.218108602,0.677986428,0.317335665,0.407301148,0.568760662,0.502339783,0.379009746,0.479543643,0.319848901,0.598729354,0.372468849,0.701933204,0.486541351,0.762501025,0.274453767,0.371247045,0.373203858,0.309488884,0.209932091,0
0.518393016,0.048592342,0.28085006,0.568881687,0.462654114,0.173000579,0.465508889,0.543617337,0.688402446,0.300376976,0.51617183,0.806454379,0.38752998,0.330733553,0.492651066,0.267565281,0.578431035,0.307721358,0.307964869,0.436072961,0.570739077,0.515810872,0.172581938,0.332832148,0.094803075,0.128585023,0
0.483837393,0.134793427,0.242019486,0.390444197,0.335503637,0.218476764,0.374496382,0.337991636,0.688755715,0.257438545,0.53427446,0.625200457,0.468364509,0.359837168,0.402454556,0.388679454,0.775475456,0.335658096,0.575673162,0.460938626,0.795524676,0.330335397,0.325286431,0.37621146,0.330543585,0.164588684,0
0.368722344,0.116457114,0.232595964,0.335917629,0.303434634,0.23081204,0.436174613,0.458619637,0.5939506,0.210656385,0.525961917,0.667277602,0.476741919,0.367929807,0.450878303,0.321734718,0.712617211,0.35613197,0.803063567,0.574890644,0.715070885,0.387217183,0.331828509,0.37633195,0.194542002,0.144831975,0
0.46914299,0.23773833,0.176242139,0.222314829,0.213973491,0.270318208,0.510173236,0.573998298,0.489069609,0.097113656,0.624514791,0.618656386,0.360486719,0.249027893,0.454576672,0.36145928,0.625063029,0.288622164,0.685251898,0.487147619,0.615652533,0.49257185,0.436051703,0.44758176,0.375758628,0.213508563,0
0.446575208,0.1101753,0.30141402,0.397813115,0.37259073,0.316855334,0.335113368,0.346657982,0.707342973,0.277686231,0.559089744,0.662535653,0.405319334,0.343439423,0.487147413,0.370701434,0.689300441,0.197581422,0.508349713,0.436211325,0.696599556,0.246796675,0.309674596,0.457951573,0.437545686,0.196575185,0
0.569214663,0.194002763,0.472959115,0.398454264,0.489009026,0.712480272,0.404724594,0.17103506,0.162591606,0.425355185,0.485996442,0.899523337,0.618895004,0.496816963,0.461052547,0.345850194,0.755468502,0.099289138,0.808981638,0.303302362,0.619918761,0.313532227,0.218201777,0.300220764,0.410181091,0.300150618,0
0.338609604,0.108962074,0.297907136,0.398366224,0.359226719,0.354242721,0.324557061,0.315854222,0.72481688,0.232100643,0.636594747,0.679698935,0.40890382,0.367053689,0.48668702,0.346183459,0.737295726,0.253189365,0.510551546,0.48541458,0.722753893,0.304309419,0.384955515,0.506147947,0.397702736,0.23581672,0
0.417532914,0.272804577,0.305964854,0.368681902,0.371893518,0.321351269,0.502469846,0.427821504,0.540862011,0.340943198,0.350963534,0.676516889,0.339596903,0.384207409,0.424153442,0.304924459,0.655665858,0.288055268,0.703539178,0.351869943,0.742018173,0.177566526,0.376575924,0.403398442,0.509210956,0.166512142,0
0.578081548,0.028659053,0.305191883,0.619336032,0.502253382,0.184544047,0.495026819,0.585980119,0.675469531,0.292863419,0.504431958,0.867971299,0.365159823,0.331079567,0.493697004,0.240129415,0.577197199,0.322823737,0.239016954,0.467187818,0.548754885,0.59015458,0.161005011,0.382958439,0.027094099,0.137480647,0
0.551989819,0.113988693,0.251642723,0.407318371,0.360748549,0.224539537,0.343607488,0.337389545,0.686987416,0.298099241,0.554350724,0.614261214,0.49186596,0.351696455,0.543715799,0.430442211,0.629399991,0.255086298,0.538162941,0.431030136,0.650549044,0.249185452,0.267322451,0.370008261,0.451437102,0.156398023,0
0.74065229,0.022558755,0.344501033,0.637201484,0.532112151,0.243602151,0.488583701,0.557600111,0.643987142,0.274449254,0.499352971,0.892743278,0.37713519,0.344524025,0.527725686,0.277274247,0.605535778,0.324326565,0.220223038,0.536390166,0.546589239,0.597782621,0.191770489,0.523564176,0.090786445,0.175255368,0
0.467529777,0.213487993,0.274718623,0.38286603,0.365615765,0.260083867,0.445632625,0.451663251,0.586506025,0.313135027,0.348333276,0.644154663,0.34814304,0.406477351,0.402485063,0.286317055,0.725404666,0.351832878,0.705584021,0.36725286,0.739740704,0.177667466,0.396174285,0.368923808,0.408404523,0.223766831,0
0.547444491,0.105021611,0.261544295,0.437041458,0.369623066,0.226870955,0.386399366,0.353995029,0.690918767,0.251158688,0.558133162,0.675070148,0.472481467,0.349440388,0.430200883,0.390877411,0.751667429,0.326857003,0.488286312,0.496567205,0.75989247,0.404263605,0.29180015,0.42189564,0.288595199,0.157170911,0
0.577256009,0.291077368,0.504734707,0.36728869,0.496541501,0.723196676,0.475560464,0.139797945,0.073868769,0.4528607,0.429593427,0.870883747,0.57839847,0.515484953,0.442540989,0.313695248,0.771468999,0.055921418,0.86413771,0.31462708,0.651836611,0.371126994,0.224489841,0.27711807,0.379577611,0.317521945,0
0.452183225,0.121382312,0.230894719,0.396766258,0.327436097,0.224615242,0.35473798,0.298987793,0.708125123,0.236503098,0.613575866,0.623959625,0.508430133,0.365100303,0.447523871,0.410682166,0.762040478,0.352877785,0.553070203,0.495755725,0.776771785,0.368785249,0.337664419,0.392362987,0.332765182,0.167124685,0
0.355181901,0.113162658,0.217213561,0.413620986,0.323269133,0.263276554,0.323409232,0.26050169,0.71710381,0.202302857,0.733018819,0.628936906,0.545858923,0.411246006,0.572453963,0.40461845,0.710017155,0.415376212,0.5590227,0.543310636,0.687413196,0.384878895,0.420967844,0.436315498,0.365626774,0.226948682,0
0.556204401,0.10878633,0.31427955,0.414501726,0.400695024,0.380986177,0.34112909,0.293808065,0.543551048,0.331840521,0.548688756,0.716995893,0.545764524,0.392717574,0.522030462,0.413571982,0.664815183,0.21672608,0.609269909,0.384269567,0.630343904,0.250057698,0.247981081,0.354464992,0.448413677,0.197046411,0
0.465874609,0.258449638,0.402123614,0.511756887,0.492031913,0.420199678,0.515309075,0.260995012,0.5691556,0.307177663,0.471155354,0.986730783,0.473948781,0.269256299,0.241008001,0.256521677,0.425244143,0.15802525,0.528461536,0.32502328,0.619424777,0.192046791,0.333414802,0.098414863,0.044757069,0.152097291,0
0.573554086,0.241571766,0.488963566,0.383146292,0.492971254,0.718770809,0.439025912,0.154989784,0.117961323,0.43879705,0.458520746,0.886305951,0.600031523,0.506378441,0.452261946,0.329477157,0.763865338,0.077777205,0.836053927,0.309025105,0.634782465,0.342590577,0.221224098,0.288336896,0.395226868,0.309534262,0
0.439641616,0.120357797,0.227990663,0.399193386,0.326396002,0.228460526,0.350598518,0.293165144,0.709201527,0.23159397,0.630616298,0.623920775,0.515229256,0.371778597,0.465140867,0.410682912,0.754819758,0.363321759,0.554516408,0.502806865,0.764526441,0.372005162,0.349121911,0.39719368,0.336652185,0.174878013,0
0.380621967,0.316672244,0.329779571,0.358205643,0.376681093,0.368247952,0.54435053,0.406553023,0.50766551,0.362283605,0.357849398,0.701026264,0.33632677,0.365536679,0.444378872,0.322847785,0.599020771,0.236012738,0.697969485,0.341363436,0.741669842,0.179146482,0.358207071,0.430275768,0.588814667,0.120277218,0
0.337398335,0.108655054,0.303805026,0.397251254,0.361854857,0.360891435,0.324640956,0.319899936,0.725380628,0.234278562,0.629547116,0.683409129,0.398893777,0.363823675,0.480418318,0.341912447,0.739289516,0.241335135,0.507008791,0.48118296,0.725336943,0.2984206,0.382323375,0.511251998,0.400047167,0.236464885,0
0.652928913,0.074114694,0.300034759,0.512743151,0.434502172,0.246037491,0.421574905,0.420616929,0.667081674,0.255396754,0.535939505,0.758587136,0.440989859,0.350677385,0.472733366,0.358457937,0.705628966,0.326285526,0.388047873,0.526269976,0.682983117,0.475302574,0.262821259,0.489682762,0.231925849,0.172075473,0
0.376212136,0.109380636,0.340025679,0.409427084,0.39355506,0.372834726,0.337656043,0.305552571,0.711020538,0.27786451,0.505821005,0.662324138,0.379154256,0.350682486,0.443619042,0.308849977,0.698573449,0.22117083,0.55894684,0.458556167,0.754198648,0.255236691,0.362885948,0.489567604,0.379982039,0.23036061,0
0.486414968,0.168768951,0.254453626,0.389333553,0.352692697,0.228811463,0.404387854,0.415006434,0.636593642,0.285100428,0.417573139,0.628772852,0.395524381,0.394622293,0.396946164,0.320057031,0.762020264,0.36202058,0.657261302,0.406401221,0.760133594,0.235093841,0.374521004,0.362869644,0.353415187,0.216122032,0
0.422898917,0.323222925,0.337674832,0.460762153,0.427758724,0.320189211,0.549482395,0.320385932,0.602175274,0.298036793,0.421065736,0.922474798,0.453617204,0.312028184,0.262601166,0.158712413,0.303189346,0.124844751,0.636262655,0.333757837,0.625897566,0.234964324,0.179179462,0.172875654,0.226728304,0.065806732,0
0.429793372,0.2552453,0.207897291,0.267381835,0.255347795,0.263939754,0.551497369,0.575733305,0.514164286,0.16073999,0.585976685,0.731749072,0.379692369,0.293956379,0.435494955,0.359469221,0.669093149,0.262416938,0.718338297,0.499581917,0.664784649,0.507602904,0.36753093,0.427665983,0.317727312,0.236793031,0
0.348284025,0.111414252,0.250800593,0.407271507,0.338235734,0.301139341,0.323886992,0.283541037,0.720314216,0.21470557,0.692884292,0.650065551,0.488854193,0.392851868,0.536755246,0.380296093,0.721371296,0.34786929,0.538847584,0.5192126,0.70212303,0.351343517,0.405978456,0.465381811,0.37897773,0.23063982,0
0.386328038,0.112784089,0.311215271,0.38863814,0.36418163,0.341907087,0.340483758,0.33969296,0.720889462,0.251748505,0.568580924,0.681204537,0.3791348,0.340227383,0.416743888,0.344619149,0.765753055,0.208749467,0.503702749,0.456790322,0.770721802,0.289791674,0.339995105,0.48946351,0.383633288,0.206279987,0
0.478507347,0.16086956,0.21796634,0.336084407,0.292315304,0.233074983,0.412086415,0.39796218,0.635199954,0.199384307,0.588844789,0.622301874,0.44910021,0.31632108,0.420573794,0.394695731,0.729541737,0.314675903,0.593595988,0.48125683,0.744772775,0.403640738,0.350598809,0.402277428,0.340275758,0.169319027,0
0.517898905,0.195424361,0.287554486,0.42967392,0.386381301,0.260637723,0.562662077,0.555169852,0.579430224,0.255786569,0.52178168,0.887528783,0.404364887,0.356784544,0.449871018,0.342148708,0.702155186,0.25909351,0.589954628,0.534394641,0.682059849,0.543882653,0.252867312,0.461491582,0.206662499,0.243709128,0
0.403311898,0.34895902,0.304713627,0.413241739,0.385350211,0.276873597,0.579755872,0.370207354,0.589351207,0.330337789,0.384112284,0.812445779,0.398771521,0.352544921,0.297062596,0.185776577,0.298462075,0.111062287,0.746723807,0.320757632,0.692896229,0.226078804,0.103563519,0.284537232,0.36740307,0.007495029,0
0.472531827,0.143467466,0.292560936,0.425568168,0.390928908,0.269057119,0.383154156,0.30995372,0.649769337,0.313167184,0.379547562,0.59155555,0.444262938,0.392353144,0.445417155,0.302887472,0.656055155,0.373651162,0.705671415,0.442706702,0.754667163,0.235964962,0.382965656,0.365403056,0.330622055,0.223835261,0
0.515981396,0.119305816,0.244559872,0.398421064,0.344463233,0.219364426,0.355134462,0.324887267,0.69675611,0.272036815,0.562700062,0.619465822,0.491443462,0.349759031,0.468723671,0.419944418,0.709653664,0.292869276,0.544120388,0.455849769,0.734208386,0.308351208,0.289149278,0.375331541,0.383125197,0.151580386,0
0.518749093,0.105587485,0.385277179,0.437371435,0.449739494,0.52418575,0.345704209,0.209299972,0.434387799,0.364806701,0.480488305,0.772470863,0.590085799,0.434962803,0.478056338,0.352632689,0.677545433,0.240481929,0.73335963,0.374579526,0.664697276,0.26212824,0.279746714,0.344599779,0.383718192,0.250532253,0
0.500304911,0.268618847,0.433924763,0.467367419,0.493598324,0.513814854,0.502975552,0.223301804,0.4163548,0.351888036,0.458415673,0.951661662,0.506538637,0.345077442,0.302973512,0.273618365,0.531824073,0.126469355,0.631548447,0.32196213,0.628930944,0.247600266,0.299975699,0.152838944,0.147438134,0.203417887,0
0.425397185,0.309342425,0.331937584,0.398950271,0.396559927,0.332000632,0.586972948,0.377767631,0.525912186,0.396124512,0.386207701,0.710260109,0.332599664,0.365473718,0.32692976,0.35632895,0.446519903,0.130465929,0.793657264,0.287799967,0.797027501,0.15612087,0.174442604,0.376194671,0.369805554,0.020067744,0
0.421563366,0.31621953,0.327211736,0.401431149,0.394614016,0.322431046,0.585720125,0.376455231,0.536924662,0.384704495,0.385843954,0.727998675,0.344086538,0.363229389,0.321745074,0.326722504,0.42081832,0.127097621,0.785510014,0.293521138,0.778951195,0.168264974,0.162138596,0.360283717,0.369388503,0.017885227,0
0.447659407,0.260873808,0.354846071,0.389517624,0.407339676,0.378366506,0.578018859,0.373668622,0.47949501,0.449718156,0.38896398,0.609388366,0.284905442,0.377870809,0.36374168,0.505970348,0.588802991,0.164045245,0.829578173,0.271707856,0.887779242,0.101474747,0.250929967,0.457725639,0.367789384,0.044095917,0
0.459157257,0.110622,0.295644567,0.398915324,0.37125735,0.306016283,0.336133039,0.345678298,0.704923978,0.2802002,0.558295899,0.656875118,0.415359652,0.344324225,0.493718746,0.377716778,0.682192808,0.204085403,0.511805323,0.435455025,0.691169068,0.246893455,0.304519326,0.447586393,0.439284195,0.191785723,0
0.738961812,0.022622189,0.34409228,0.637015712,0.531801667,0.24298804,0.4886507,0.557895218,0.644314509,0.274640732,0.499405785,0.892485689,0.377010666,0.344384224,0.527371842,0.276888,0.605241102,0.324310938,0.220418465,0.535670572,0.546611759,0.597703302,0.191450577,0.522102099,0.090124146,0.174862571,0
0.415914769,0.26567451,0.315665303,0.410244845,0.390272509,0.32284283,0.562086759,0.435087586,0.564117446,0.275611659,0.50676007,0.924225078,0.438480188,0.3208099,0.337362655,0.316362611,0.604948832,0.200193422,0.658218397,0.435110551,0.6895026,0.381219076,0.297194621,0.271560549,0.157170592,0.216187847,0
0.459550086,0.148752728,0.321275162,0.43472935,0.4078456,0.310147156,0.409260294,0.253063052,0.631824925,0.349820656,0.396943829,0.577058269,0.451483621,0.378073469,0.451155073,0.360808566,0.594466829,0.323639491,0.733695408,0.436188424,0.792636911,0.232659099,0.342711346,0.391536629,0.321872407,0.171656885,0
0.526102594,0.145852261,0.256272459,0.399371028,0.361980367,0.228801627,0.377094176,0.390415723,0.652160778,0.300270416,0.465488997,0.621257956,0.432066921,0.378344091,0.479933487,0.366322992,0.681632289,0.305979948,0.609240543,0.405950129,0.687710836,0.218021979,0.32428624,0.363213101,0.416326809,0.194396202,0
0.389914226,0.371715313,0.289213353,0.420668512,0.378640529,0.246166534,0.575010729,0.366417955,0.625078893,0.292347107,0.382361213,0.870488902,0.436435539,0.34519296,0.282004304,0.088090024,0.216750565,0.101792378,0.718460101,0.340384782,0.632728539,0.266258958,0.06635938,0.233304264,0.3697882,0.002015681,0
0.464073193,0.167877567,0.344554289,0.471480748,0.438778994,0.337519033,0.416393318,0.233283294,0.637654329,0.315365448,0.425603516,0.721040887,0.491009125,0.33818575,0.390561574,0.295243779,0.533447506,0.29303011,0.640399388,0.426447671,0.711294553,0.242458905,0.356625214,0.271640413,0.211597974,0.188463193,0
0.444521036,0.250670986,0.194709256,0.247126938,0.23746285,0.267381708,0.538431933,0.579862424,0.500633403,0.133731459,0.601620694,0.688589585,0.369968709,0.27501879,0.443685539,0.359322618,0.649485842,0.271685747,0.70823442,0.495007811,0.64256428,0.504299503,0.395945439,0.436481636,0.340788313,0.22912976,0
0.483770245,0.133908341,0.241695568,0.39047313,0.335055851,0.218207538,0.373717689,0.335985348,0.690114572,0.256717934,0.537314608,0.625107393,0.470262044,0.358930992,0.402598054,0.390467114,0.775825973,0.334971336,0.573547736,0.462359362,0.796446638,0.332816504,0.324003837,0.376559024,0.329947764,0.163246206,0
0.43385389,0.306715648,0.354127734,0.473806907,0.444178401,0.345669035,0.540795722,0.305229407,0.593815385,0.300350264,0.433843521,0.938901702,0.458767558,0.301054274,0.257029969,0.18366686,0.334291984,0.133323553,0.608674386,0.331534589,0.624251142,0.223987277,0.218603739,0.15380346,0.180155258,0.087817386,0
0.435489513,0.220039104,0.182903111,0.228025081,0.221397829,0.26772849,0.51269348,0.583938553,0.483647914,0.105797402,0.603160447,0.632822169,0.373567431,0.26847918,0.462274982,0.340461957,0.625093413,0.302828738,0.745724862,0.515956264,0.61295897,0.482962325,0.42588883,0.437221819,0.328658746,0.20365845,0
0.544175809,0.296311262,0.47640881,0.365467001,0.476922373,0.665887742,0.487322723,0.183635992,0.144013159,0.437857511,0.416955091,0.844039359,0.538692883,0.491057684,0.442903205,0.313712019,0.743318421,0.085639565,0.836988923,0.319067904,0.666026587,0.340052578,0.247255171,0.302134488,0.415351266,0.285715722,0
0.336493911,0.106607065,0.353158162,0.391718035,0.386952512,0.410761674,0.327837786,0.345931744,0.726540955,0.25853289,0.554517373,0.705699845,0.323460188,0.338131422,0.428301278,0.304809157,0.745403205,0.152645189,0.492071822,0.446443828,0.749546041,0.247742475,0.359644628,0.543378297,0.412786859,0.239875882,0
0.400609081,0.353807335,0.301381934,0.414990742,0.383978356,0.270127101,0.57887264,0.369282121,0.597114932,0.32228675,0.383855845,0.824951355,0.406869693,0.350962683,0.293407425,0.164904222,0.280342622,0.108687651,0.740980048,0.324791021,0.680152549,0.23464032,0.094889272,0.273320111,0.367109052,0.005956369,0
0.442540886,0.115089382,0.291478927,0.441784305,0.390882158,0.282907411,0.352196524,0.224494619,0.684663897,0.296749246,0.465810135,0.578328886,0.512402983,0.38542756,0.497287814,0.335679626,0.617629987,0.382882151,0.677905209,0.497482646,0.748775585,0.295156208,0.380563867,0.382938449,0.318691569,0.212737095,0
0.431796299,0.11801199,0.276798966,0.389654955,0.348103187,0.282301799,0.351972366,0.32728087,0.713642329,0.250253679,0.570042975,0.654328193,0.432080476,0.344204749,0.410854406,0.375686537,0.772354047,0.264457485,0.525247603,0.466964129,0.787722276,0.323218805,0.325654485,0.438214732,0.355217665,0.178903322,0
0.433401416,0.161065515,0.293894381,0.38820378,0.370575103,0.29765328,0.389596705,0.425767659,0.647514231,0.285518573,0.421444235,0.659865922,0.337413562,0.388334876,0.404060038,0.287194536,0.754984136,0.295960146,0.62830411,0.39717049,0.742047687,0.200757308,0.388851917,0.423121253,0.385377382,0.245507238,0
0.387743055,0.269672552,0.266847722,0.352861129,0.33278611,0.267993929,0.588416879,0.533397143,0.56110741,0.257828236,0.526908432,0.888886162,0.418539912,0.350038881,0.391913608,0.350228271,0.706620772,0.224004912,0.731631116,0.497278165,0.729072103,0.488109202,0.276672105,0.369482123,0.220874484,0.252457535,0
0.423571135,0.239720908,0.357701356,0.385657231,0.403081844,0.391565917,0.542466668,0.379451368,0.515967709,0.419775759,0.422385963,0.632360188,0.276969026,0.369646063,0.368729765,0.478287868,0.620597344,0.146460645,0.769040197,0.292090377,0.868316604,0.119156724,0.264618354,0.481727915,0.38146252,0.072346995,0
0.500078239,0.114855918,0.287242639,0.431524956,0.38897382,0.263194795,0.352910486,0.266436964,0.680974677,0.311620737,0.461497412,0.586437654,0.496966774,0.367105676,0.504022813,0.36360387,0.609321301,0.323134581,0.637201611,0.462571134,0.717964034,0.261871342,0.327558615,0.370856082,0.366830792,0.187639134,0
0.444407019,0.17876896,0.243550457,0.370468235,0.324861306,0.229001787,0.451209196,0.406055324,0.651239911,0.250117358,0.557130211,0.719161238,0.462247429,0.352329953,0.405483814,0.391741848,0.763384865,0.291222913,0.625412221,0.492142378,0.782067149,0.419869214,0.295036925,0.386896145,0.291835427,0.190947448,0
0.746994651,0.04655345,0.334358633,0.580250138,0.492358118,0.26312925,0.452942694,0.480027011,0.645824945,0.259176049,0.516148311,0.833063413,0.412907216,0.351780477,0.510661709,0.329547871,0.664574164,0.325775912,0.298660242,0.552757422,0.614399199,0.538651577,0.236979332,0.550131931,0.181390955,0.185366617,0
0.466490471,0.125553205,0.304543104,0.440011439,0.401840253,0.282371259,0.367795003,0.250677518,0.66722647,0.317628823,0.392184908,0.576147168,0.480514677,0.383262279,0.465686497,0.312349753,0.617755836,0.371986487,0.705378462,0.469776416,0.760873398,0.258765067,0.374660554,0.369540743,0.316307951,0.214701818,0
0.464311826,0.180503515,0.352561642,0.477096762,0.446191941,0.348990507,0.430182988,0.237147468,0.628161375,0.314214268,0.431934288,0.758026349,0.488611367,0.328565805,0.369716905,0.289838963,0.518348154,0.274242607,0.624791436,0.41233605,0.698512222,0.235434695,0.353410366,0.247502701,0.188327168,0.183385429,0
0.474521486,0.182297086,0.269818449,0.388550866,0.364903975,0.250468175,0.414315058,0.45262651,0.615600765,0.297763232,0.365539318,0.638056965,0.348131714,0.408866964,0.396198132,0.280801192,0.754177118,0.357711472,0.68717031,0.379364063,0.739607616,0.183388455,0.400407242,0.371659298,0.3716762,0.24676176,0
0.440375655,0.262203098,0.358052546,0.460069878,0.4401867,0.370466939,0.539224887,0.349727535,0.566730995,0.291052619,0.489265685,0.95490909,0.455793895,0.295431011,0.289997248,0.286957794,0.516669296,0.179518422,0.594475728,0.381131763,0.65514526,0.288408704,0.315013876,0.186537375,0.101857888,0.184695664,0
0.539019358,0.131156191,0.254350925,0.402997538,0.361618242,0.226689155,0.36174904,0.366369038,0.668079013,0.299763393,0.505535622,0.61798348,0.459309891,0.365731352,0.50916673,0.39599867,0.657149637,0.281617988,0.576324402,0.416927511,0.670402873,0.231676691,0.297223004,0.366052277,0.432968222,0.176520235,0
0.54782993,0.114867365,0.250864655,0.405782542,0.358441396,0.223422527,0.345688704,0.336080169,0.688329759,0.294705207,0.554016207,0.615032681,0.491178635,0.350796721,0.531031952,0.428893281,0.641904488,0.259700826,0.538908974,0.434043908,0.664017892,0.257618879,0.269489619,0.370349619,0.441000955,0.154974519,0
0.487952464,0.123211963,0.239011223,0.391942449,0.332161475,0.215793015,0.363447388,0.315036732,0.704171887,0.252087048,0.570342461,0.623367295,0.491676528,0.348845791,0.413888035,0.412068794,0.769277667,0.322059827,0.548706797,0.475040449,0.795980919,0.352999198,0.306451151,0.379715979,0.33219049,0.148593312,0
0.4735339,0.206364665,0.270966264,0.384569402,0.36486187,0.252726265,0.438807044,0.454526406,0.591987414,0.309795544,0.348017408,0.640268284,0.349169345,0.409151748,0.399882907,0.284082492,0.733779598,0.359491931,0.705829586,0.369100194,0.739467203,0.177679588,0.398527852,0.364783749,0.39629868,0.230642546,0
0.479799433,0.150263274,0.223723408,0.351782234,0.303124839,0.227936195,0.398552481,0.37367287,0.655362891,0.213495522,0.583923073,0.622804875,0.461327022,0.325606135,0.415882106,0.399281667,0.743957617,0.318270775,0.580949386,0.480444024,0.762588673,0.391370101,0.338808093,0.396026376,0.335379862,0.163221794,0
0.486924443,0.175484455,0.256911322,0.389114026,0.356090237,0.230854189,0.410296116,0.430228955,0.626283439,0.290567995,0.394506296,0.629478961,0.381127014,0.40149782,0.395857392,0.306493323,0.75936075,0.367231312,0.673387777,0.395621517,0.753138296,0.216268672,0.384252567,0.360232539,0.357935921,0.226307964,0
0.472959288,0.181490474,0.270733121,0.38853768,0.365119428,0.252260791,0.413375979,0.451606112,0.616813194,0.297298044,0.367663209,0.638885512,0.347724519,0.408086927,0.396496814,0.281044082,0.754207777,0.355365469,0.684933916,0.380040549,0.739700317,0.184048318,0.399968242,0.373614396,0.372196723,0.246714099,0
0.411205027,0.111824232,0.328455586,0.425029263,0.399372092,0.33942,0.346306208,0.269977365,0.697346607,0.294896221,0.462918112,0.624108899,0.428222323,0.361740333,0.45711443,0.312410055,0.657315094,0.28154388,0.617865643,0.469227484,0.758297728,0.26183931,0.365741644,0.442158845,0.351080054,0.221977383,0
0.436718007,0.118577883,0.273073576,0.38976502,0.346362777,0.27584983,0.353215949,0.325937325,0.712857864,0.250091872,0.570201234,0.651418965,0.437811576,0.344635278,0.410216899,0.379049424,0.77306857,0.270487594,0.527579724,0.468065392,0.789562491,0.326837121,0.324102186,0.432667313,0.352141818,0.175939937,0
0.461239143,0.279202298,0.356780424,0.349029288,0.390618705,0.446762921,0.546162154,0.387561402,0.359229743,0.334997493,0.490412167,0.876170232,0.481699495,0.42337729,0.422195499,0.340406248,0.750979805,0.158679818,0.798616164,0.432851808,0.703378028,0.458840052,0.251693163,0.347599702,0.296940412,0.286095249,0
0.412431026,0.113709886,0.221017486,0.412960524,0.331265236,0.245491792,0.32907301,0.278273598,0.707958633,0.227355503,0.689328734,0.620988012,0.540666873,0.397579901,0.570646838,0.416310555,0.6850441,0.381803455,0.556686862,0.51565385,0.674294601,0.352242728,0.379911291,0.412253658,0.387667799,0.206208816,0
0.423425061,0.114756692,0.273030754,0.435851437,0.37495609,0.276416447,0.345744087,0.231248699,0.691726226,0.274976316,0.527691324,0.58844858,0.523046181,0.392215268,0.516054681,0.352422765,0.63761997,0.39389563,0.652492346,0.509054549,0.73425907,0.317051846,0.390417671,0.393234098,0.328424656,0.215703767,0
0.463796441,0.115749842,0.308677024,0.446103985,0.405200438,0.287204676,0.359337383,0.220679543,0.678092851,0.317580745,0.40549179,0.569482962,0.500634643,0.377078293,0.474508848,0.321020523,0.602730504,0.369476194,0.699633356,0.484810398,0.765897623,0.274825989,0.367807998,0.372183721,0.308769434,0.207345803,0
0.488921665,0.136677643,0.341157242,0.565408794,0.490706538,0.280230776,0.505978435,0.441776449,0.633486269,0.303663253,0.49012969,0.917417187,0.412797808,0.299255121,0.368655718,0.239205045,0.500135219,0.246066914,0.377429778,0.385490286,0.58203258,0.403776621,0.233988231,0.218837439,0.020586492,0.135586275,0
0.480863703,0.141527053,0.22846541,0.364712273,0.312028473,0.223703461,0.387404805,0.353666169,0.671970767,0.225118696,0.579869138,0.623219189,0.471398044,0.333254081,0.412017641,0.403059027,0.755831739,0.321231811,0.57053259,0.47977453,0.777263332,0.381262981,0.329096277,0.390877488,0.331347195,0.158199604,0
0.380748544,0.31644578,0.328953754,0.358246163,0.376512271,0.366427753,0.544286897,0.410280331,0.507280179,0.361402603,0.352898703,0.700326864,0.333309223,0.367822664,0.440095597,0.31861455,0.604356677,0.241131939,0.702034718,0.340552215,0.743693783,0.177492262,0.362156752,0.428762589,0.583377633,0.124387945,0
0.501407732,0.07087413,0.308270907,0.594325558,0.489985743,0.20482367,0.500853415,0.539321284,0.668050703,0.301811536,0.500405487,0.87997647,0.37988332,0.315549585,0.437668922,0.22991929,0.54071144,0.293578116,0.296025151,0.41810975,0.561836263,0.518085,0.180264534,0.283945061,0.007736772,0.126738729,0
0.387684436,0.259389511,0.251657501,0.340593444,0.317321528,0.249335185,0.578008187,0.542344782,0.571543553,0.252391062,0.535737139,0.858904967,0.418945547,0.35768596,0.407339928,0.363914675,0.739281092,0.238351215,0.736930896,0.512299796,0.745621241,0.506558586,0.273783547,0.396310528,0.24573421,0.253954083,0
0.622979896,0.0557822,0.363644426,0.537447808,0.480444113,0.339770718,0.416956112,0.461804122,0.669425097,0.259047412,0.526124637,0.82675638,0.35272432,0.345293161,0.496054742,0.301842483,0.680054884,0.244680785,0.321884495,0.521679106,0.631531689,0.451032348,0.2737516,0.58802577,0.253844142,0.217237976,0
0.429950551,0.216144482,0.184522368,0.230349243,0.223584693,0.26684668,0.511939638,0.583495329,0.484491054,0.108482906,0.599146425,0.635244737,0.376827417,0.272553111,0.463159698,0.337334777,0.626352279,0.305527059,0.754780034,0.520723331,0.614056113,0.480281434,0.423156757,0.434938443,0.320323591,0.201474065,0
0.431520175,0.282161528,0.352361017,0.379216287,0.400816203,0.381987664,0.58431652,0.389976055,0.473345278,0.438698418,0.380698729,0.631855973,0.282809125,0.375289643,0.374041396,0.476910087,0.590419488,0.167581503,0.809304794,0.274017477,0.863988452,0.108064406,0.267609133,0.457052343,0.419231356,0.050806229,0
0.468423655,0.117712695,0.291664667,0.432785853,0.387089053,0.269855829,0.360680079,0.242984247,0.684687998,0.300961693,0.445515277,0.582624925,0.498487262,0.370240623,0.457582165,0.342612226,0.645369462,0.359296786,0.663482232,0.483272375,0.775764833,0.295547081,0.353766726,0.37418377,0.312247169,0.193070322,0
0.636551449,0.053486621,0.363974642,0.544322904,0.484800436,0.336087033,0.421148901,0.466648822,0.66663258,0.259291697,0.524268541,0.831804246,0.354700215,0.345764399,0.499332037,0.301752777,0.676527922,0.249677464,0.314855264,0.525262391,0.626180991,0.460426462,0.269855608,0.589455756,0.246191671,0.216092753,0
0.463123625,0.11763642,0.312691441,0.449133512,0.409281408,0.291871763,0.361521487,0.217906976,0.675428678,0.319946222,0.400412119,0.573868397,0.500550277,0.376465419,0.473506645,0.316750616,0.59353082,0.367789311,0.702506527,0.48260061,0.762157985,0.27040963,0.369417728,0.367689157,0.304197128,0.208668624,0
0.483315552,0.127914936,0.239502141,0.390669052,0.332023638,0.21638446,0.368444725,0.32239966,0.699316149,0.251838279,0.557901142,0.62447721,0.483111305,0.35279477,0.403569754,0.402572356,0.778199518,0.330320898,0.559155294,0.471979956,0.802689752,0.349617458,0.315318681,0.378912568,0.325913131,0.154155538,0
0.44922545,0.24610708,0.350424668,0.395472162,0.407406308,0.369381786,0.555792782,0.357784458,0.499557378,0.436561315,0.390014953,0.605130382,0.306844356,0.3778975,0.375254321,0.486852047,0.589548938,0.185064351,0.816950086,0.293370506,0.875248673,0.118752173,0.263017887,0.449008321,0.361741961,0.060896131,0
0.388887542,0.114155605,0.239699518,0.425132227,0.346181667,0.264688898,0.334086146,0.243451631,0.70448609,0.235638075,0.639495163,0.606732339,0.542275781,0.404478961,0.549961718,0.382673432,0.673736872,0.413794233,0.606577655,0.529962086,0.708031357,0.356611793,0.40822103,0.411835764,0.346009912,0.221063802,0
0.400847584,0.292600155,0.316392581,0.363948268,0.373988577,0.341797888,0.521437992,0.419864857,0.525629347,0.350223551,0.351841324,0.687317055,0.336744821,0.376775315,0.431384778,0.311134262,0.632392097,0.266770922,0.702856757,0.34673624,0.742778227,0.17753284,0.370035411,0.414903578,0.54285284,0.147404675,0
0.475337999,0.120645742,0.266243475,0.412884859,0.360025607,0.243931828,0.36268644,0.276313676,0.694542981,0.276128209,0.505321496,0.60226267,0.495278477,0.360023244,0.432288993,0.374876234,0.709083922,0.344085921,0.6094624,0.480974141,0.790509187,0.326510155,0.332785162,0.3771724,0.317443873,0.171738784,0
0.381103006,0.316025243,0.328732228,0.358346724,0.376467763,0.365993386,0.543883939,0.410449362,0.507603781,0.361205452,0.352880055,0.700097426,0.333369812,0.367980552,0.439941975,0.31848263,0.604851104,0.241584103,0.702049215,0.340661276,0.743677637,0.177492977,0.362295698,0.428518174,0.582662946,0.124793863,0
0.390822804,0.262400949,0.253750489,0.341756383,0.321083018,0.250445226,0.578070466,0.551322423,0.564878955,0.257777162,0.513560453,0.853142992,0.406490647,0.36434342,0.40616046,0.351580474,0.737726172,0.246032997,0.747963498,0.500539689,0.740283178,0.483637044,0.284541696,0.393225979,0.252409465,0.261266723,0
0.507437148,0.036575215,0.285573298,0.599046784,0.480387478,0.162622855,0.490137147,0.581697928,0.689816254,0.297702727,0.510331374,0.84402945,0.367627053,0.326700061,0.474913856,0.235031495,0.5774705,0.322472866,0.264386003,0.440085926,0.564448137,0.573927127,0.157198244,0.326439623,0.018563613,0.122942584,0
0.481154956,0.202754356,0.277743074,0.388105728,0.370325707,0.259665021,0.450600774,0.448844034,0.582141965,0.327643985,0.35399372,0.627883111,0.338086615,0.409376052,0.387360808,0.318330279,0.726671318,0.340265549,0.728157099,0.354250697,0.764780391,0.163143059,0.377562224,0.37277644,0.368003311,0.211801654,0
0.368548459,0.120319747,0.213551447,0.412847225,0.323400747,0.252158791,0.332095886,0.273114196,0.706427958,0.208320421,0.707868795,0.624309611,0.541563057,0.415813411,0.564681719,0.398961491,0.711335811,0.427395685,0.576706286,0.53370553,0.6886353,0.37409643,0.422884847,0.422466762,0.362730614,0.227906303,0
0.389242916,0.36382793,0.28541725,0.414419008,0.373301757,0.244716147,0.577219058,0.382548433,0.621415508,0.28781818,0.395745146,0.873822993,0.436033962,0.346007511,0.290291816,0.107820916,0.255391835,0.110788196,0.721668224,0.355428681,0.640245301,0.289367958,0.079317635,0.244318691,0.355071867,0.022601016,0
0.407174578,0.346916822,0.314058983,0.442038225,0.404190564,0.283616472,0.561950905,0.342141014,0.61417473,0.294716129,0.402725004,0.898896264,0.446224589,0.327779703,0.270597845,0.12289378,0.258545839,0.112674611,0.675861774,0.336949,0.628260777,0.250720347,0.122591402,0.200251133,0.293577427,0.034213502,0
0.440463407,0.119008526,0.270238569,0.389848779,0.345038332,0.270939907,0.354162311,0.324914892,0.712260889,0.249968737,0.570321669,0.649205055,0.44217292,0.344962909,0.409731759,0.381608566,0.77361232,0.275076482,0.529354459,0.468903449,0.790962887,0.329590646,0.322920893,0.428445749,0.349801111,0.173684813,0
0.454470946,0.27564926,0.385091789,0.498356891,0.475079928,0.393621588,0.524447565,0.276705109,0.57808223,0.304704172,0.457891075,0.96981683,0.468460428,0.28040158,0.246545078,0.230630664,0.39282657,0.149280501,0.556753777,0.327350478,0.621152604,0.203328679,0.292799495,0.117909945,0.092505652,0.129241029,0
0.470634949,0.137842706,0.296323124,0.430103098,0.394354877,0.273237523,0.378331655,0.291342046,0.655250567,0.314568059,0.383515464,0.586717592,0.45564534,0.389498774,0.451781368,0.30585846,0.644029849,0.373128483,0.705579433,0.451206111,0.75661581,0.24312379,0.380358002,0.366702217,0.326127681,0.220967522,0
0.356770677,0.236575372,0.341428804,0.368953992,0.380308849,0.390853441,0.460987903,0.387629952,0.592836567,0.320414207,0.437300093,0.708410106,0.323503059,0.353713895,0.435080115,0.313753815,0.660892137,0.196161893,0.612588036,0.380294438,0.745663134,0.20444242,0.359817351,0.481045249,0.524657249,0.167837081,0
0.49756504,0.121872342,0.240914143,0.394164302,0.336380386,0.217017837,0.360596454,0.318414992,0.701628632,0.258928859,0.567721486,0.622029277,0.491596597,0.349158988,0.432694022,0.414769754,0.748829501,0.312048871,0.547133879,0.468458968,0.77479591,0.337687084,0.30051744,0.378212328,0.349658645,0.149617735,0
0.78133254,0.051762989,0.353761035,0.60747763,0.520003123,0.276679098,0.499160464,0.542780452,0.615991524,0.261641908,0.500971832,0.904308512,0.388283642,0.353619799,0.530407029,0.308195455,0.637929462,0.312901427,0.279777421,0.571046925,0.570799586,0.591575081,0.218756851,0.583141922,0.144673086,0.20716405,0
